huspacy ner == emagyar ner,husoacy ner,emagyar ner,huspacy token,emagyar token
False,|B-ORG|,|O|,|ELNÖK|,|ELNÖK|
False,|O|,|B-ORG|,|Ház|,|Ház|
False,|B-ORG|,|O|,|Országgyűlésről|,|Országgyűlésről|
False,|B-MISC|,|B-ORG|,|Országgyűlés|,|Országgyűlés|
False,|B-ORG|,|O|,|LMP|,|LMP|
False,|B-ORG|,|O|,|UNGÁR|,|UNGÁR|
False,|I-ORG|,|O|,|PÉTER|,|PÉTER|
False,|B-ORG|,|O|,|LMP|,|LMP|
False,|B-PER|,|B-ORG|,|Országgyűlés|,|Országgyűlés|
False,|B-ORG|,|B-LOC|,|Magyarország|,|Magyarország|
False,|B-MISC|,|O|,|Földért|,|Földért|
False,|B-ORG|,|B-LOC|,|Magyarország|,|Magyarország|
False,|B-ORG|,|B-LOC|,|Egyesült|,|Egyesült|
False,|I-ORG|,|I-LOC|,|Államokkal|,|Államokkal|
False,|B-ORG|,|O|,|Tanács|,|Tanács|
False,|B-PER|,|O|,|Rétvári|,|Rétvári|
False,|I-PER|,|O|,|Bence|,|Bence|
False,|B-ORG|,|B-LOC|,|Magyarországnak|,|Magyarországnak|
False,|B-ORG|,|O|,|Audinak|,|Audinak|
False,|B-PER|,|O|,|FÓNAGY|,|FÓNAGY|
False,|I-PER|,|O|,|JÁNOS|,|JÁNOS|
False,|B-PER|,|B-ORG|,|Ház|,|Ház|
False,|O|,|B-ORG|,|Képviselő|,|Képviselő|
False,|B-PER|,|I-ORG|,|Úr|,|Úr|
False,|B-PER|,|O|,|Napirend|,|Napirend|
False,|B-LOC|,|O|,|Brüsszelből|,|Brüsszelből|
False,|B-PER|,|O|,|Kunhalmi|,|Kunhalmi|
False,|B-ORG|,|B-LOC|,|Magyarország|,|Magyarország|
False,|O|,|B-ORG|,|Képviselő|,|Képviselő|
False,|B-PER|,|I-ORG|,|Úr|,|Úr|
False,|B-PER|,|O|,|Tordai|,|Tordai|
False,|I-PER|,|O|,|Bencének|,|Bencének|
False,|B-MISC|,|O|,|Párbeszéd|,|Párbeszéd|
False,|B-PER|,|B-ORG|,|Országgyűlés|,|Országgyűlés|
False,|B-LOC|,|O|,|Finike|,|Finike|
False,|B-PER|,|O|,|Tordai|,|Tordai|
False,|I-PER|,|O|,|Bence|,|Bence|
False,|B-MISC|,|O|,|Párbeszéd|,|Párbeszéd|
False,|B-MISC|,|O|,|Párbeszéd|,|Párbeszéd|
False,|B-MISC|,|B-ORG|,|Országgyűlés|,|Országgyűlés|
False,|B-LOC|,|O|,|Finike|,|Finike|
False,|B-LOC|,|O|,|Derültség|,|Derültség|
False,|B-MISC|,|B-ORG|,|Párbeszéd|,|Párbeszéd|
False,|B-ORG|,|O|,|Párbeszéd|,|Párbeszéd|
False,|B-MISC|,|O|,|Papamonatot|,|Papamonatot|
False,|B-PER|,|O|,|VITÁLYOS|,|VITÁLYOS|
False,|I-PER|,|O|,|ESZTER|,|ESZTER|
False,|O|,|B-ORG|,|Elnök|,|Elnök|
False,|B-PER|,|I-ORG|,|Úr|,|Úr|
False,|B-PER|,|B-ORG|,|Országgyűlés|,|Országgyűlés|
False,|O|,|B-ORG|,|Képviselő|,|Képviselő|
False,|B-PER|,|I-ORG|,|Úr|,|Úr|
False,|B-ORG|,|B-LOC|,|Magyarország|,|Magyarország|
False,|B-MISC|,|O|,|Az|,|Az|
False,|I-MISC|,|B-ORG|,|Európai|,|Európai|
False,|I-MISC|,|I-ORG|,|Unióban|,|Unióban|
False,|B-MISC|,|B-LOC|,|Magyarország|,|Magyarország|
False,|I-MISC|,|O|,|Alaptörvénye|,|Alaptörvénye|
False,|B-LOC|,|B-ORG|,|Unióban|,|Unióban|
False,|O|,|B-ORG|,|Képviselő|,|Képviselő|
False,|B-PER|,|I-ORG|,|Úr|,|Úr|
False,|B-MISC|,|O|,|DÓCS|,|DÓCS|
False,|I-MISC|,|O|,|DÁVID|,|DÁVID|
False,|O|,|B-PER|,|Mi|,|Mi|
False,|B-ORG|,|I-PER|,|Hazánk|,|Hazánk|
False,|O|,|B-ORG|,|Elnök|,|Elnök|
False,|B-PER|,|I-ORG|,|Úr|,|Úr|
False,|B-PER|,|B-ORG|,|Ház|,|Ház|
False,|B-PER|,|B-ORG|,|Belügyminiszter|,|Belügyminiszter|
False,|I-PER|,|I-ORG|,|Úr|,|Úr|
False,|B-PER|,|O|,|Betadine-t|,|Betadine-t|
False,|B-LOC|,|O|,|Komplett|,|Komplett|
False,|B-ORG|,|O|,|A|,|A|
False,|I-ORG|,|B-ORG|,|Mi|,|Mi|
False,|B-MISC|,|B-ORG|,|Mi|,|Mi|
False,|I-MISC|,|I-ORG|,|Hazánk|,|Hazánk|
False,|I-MISC|,|O|,|soraiban|,|soraiban.|
False,|B-PER|,|O|,|RÉTVÁRI|,|RÉTVÁRI|
False,|I-PER|,|O|,|BENCE|,|BENCE|
False,|O|,|B-ORG|,|Képviselő|,|Képviselő|
False,|O|,|I-ORG|,|Úr|,|Úr|
False,|B-PER|,|B-ORG|,|Ház|,|Ház|
False,|O|,|B-ORG|,|Képviselő|,|Képviselő|
False,|B-PER|,|I-ORG|,|Úr|,|Úr|
False,|B-MISC|,|O|,|Jobbiknak|,|Jobbiknak|
False,|B-PER|,|O|,|KOMJÁTHI|,|KOMJÁTHI|
False,|I-PER|,|O|,|IMRE|,|IMRE|
False,|B-PER|,|B-ORG|,|Országgyűlés|,|Országgyűlés|
False,|B-PER|,|O|,|Atyaúristen|,|Atyaúristen|
False,|B-ORG|,|O|,|Tungsram|,|Tungsram|
False,|B-PER|,|B-ORG|,|Országgyűlés|,|Országgyűlés|
False,|B-PER|,|O|,|Mészáros|,|Mészáros|
False,|B-PER|,|O|,|Garancsi|,|Garancsi|
False,|B-PER|,|O|,|Szíjj|,|Szíjj|
False,|B-PER|,|O|,|Tiborcz|,|Tiborcz|
False,|B-PER|,|O|,|Taps|,|Taps|
False,|B-PER|,|O|,|DÖMÖTÖR|,|DÖMÖTÖR|
False,|I-PER|,|O|,|CSABA|,|CSABA|
False,|O|,|B-ORG|,|Képviselő|,|Képviselő|
False,|O|,|I-ORG|,|Úr|,|Úr|
False,|B-ORG|,|O|,|Kormányinfón|,|Kormányinfón|
False,|B-PER|,|O|,|Dr.|,|Dr.|
False,|I-PER|,|B-PER|,|Latorcai|,|Latorcai|
False,|B-ORG|,|O|,|Momentum|,|Momentum|
False,|B-ORG|,|O|,|Momentum|,|Momentum|
False,|B-PER|,|B-ORG|,|Országgyűlés|,|Országgyűlés|
False,|B-PER|,|O|,|Fürjes|,|Fürjes|
False,|I-PER|,|O|,|Balázst|,|Balázst|
False,|B-ORG|,|O|,|Miniszterelnökség|,|Miniszterelnökség|
False,|B-PER|,|O|,|Rétvári|,|Rétvári|
False,|I-PER|,|O|,|Bence|,|Bence|
False,|B-MISC|,|O|,|Országgyűlésben|,|Országgyűlésben|
False,|B-LOC|,|O|,|Buda|,|Buda|
False,|B-LOC|,|O|,|Hegyvidék|,|Hegyvidék|
False,|B-MISC|,|B-ORG|,|Országgyűlés|,|Országgyűlés|
False,|B-ORG|,|O|,|János|,|János|
False,|I-ORG|,|O|,|Kórház|,|Kórház|
False,|B-LOC|,|O|,|Buda|,|Buda|
False,|B-PER|,|O|,|Fürjes|,|Fürjes|
False,|B-ORG|,|O|,|János|,|János|
False,|I-ORG|,|O|,|Kórház|,|Kórház|
False,|B-LOC|,|B-ORG|,|János|,|János|
False,|I-LOC|,|I-ORG|,|Kórház|,|Kórház|
False,|B-MISC|,|B-ORG|,|Országgyűlés|,|Országgyűlés|
False,|B-ORG|,|O|,|Momentum|,|Momentum|
False,|B-PER|,|O|,|Rétvári|,|Rétvári|
False,|I-PER|,|O|,|Bence|,|Bence|
False,|B-PER|,|O|,|RÉTVÁRI|,|RÉTVÁRI|
False,|I-PER|,|O|,|BENCE|,|BENCE|
False,|B-PER|,|B-ORG|,|Ház|,|Ház|
False,|B-PER|,|O|,|Fürjes|,|Fürjes|
False,|I-PER|,|O|,|Balázs|,|Balázs|
False,|B-ORG|,|O|,|DK-val|,|DK-val|
False,|O|,|B-ORG|,|CT|,|CT|
False,|B-MISC|,|O|,|Egészséges|,|Egészséges|
False,|I-MISC|,|B-LOC|,|Budapest|,|Budapest|
False,|B-LOC|,|O|,|Budapestre|,|Budapestre|
False,|B-PER|,|O|,|Hagyó|,|Hagyó|
False,|I-PER|,|O|,|Miklós-i|,|Miklós-i|
False,|B-LOC|,|O|,|Bel-Budáról|,|Bel-Budáról|
False,|B-MISC|,|O|,|Egészséges|,|Egészséges|
False,|I-MISC|,|B-LOC|,|Budapest|,|Budapest|
False,|B-ORG|,|B-PER|,|Szent|,|Szent|
False,|I-ORG|,|I-PER|,|János|,|János|
False,|I-ORG|,|O|,|Kórházat|,|Kórházat|
False,|B-ORG|,|O|,|Észak-budai|,|Észak-budai|
False,|I-ORG|,|O|,|Ellátási|,|Ellátási|
False,|I-ORG|,|O|,|Centrumot|,|Centrumot|
False,|B-ORG|,|O|,|BKK|,|BKK|
False,|B-PER|,|O|,|Fürjes|,|Fürjes|
False,|I-PER|,|O|,|Balázshoz|,|Balázshoz|
False,|B-ORG|,|O|,|Jobbik|,|Jobbik|
False,|B-ORG|,|O|,|Jobbik|,|Jobbik|
False,|O|,|B-ORG|,|Elnök|,|Elnök|
False,|B-PER|,|I-ORG|,|Úr|,|Úr|
False,|B-PER|,|O|,|Rétvári|,|Rétvári|
False,|I-PER|,|O|,|Bence|,|Bence|
False,|B-PER|,|O|,|Bezzeg|,|Bezzeg|
False,|B-ORG|,|O|,|Jobbik|,|Jobbik|
False,|B-PER|,|O|,|Kezdjük|,|Kezdjük|
False,|B-ORG|,|O|,|Rezsivédelmi|,|Rezsivédelmi|
False,|I-ORG|,|O|,|és|,|és|
False,|I-ORG|,|O|,|a|,|a|
False,|I-ORG|,|B-ORG|,|Honvédelmi|,|Honvédelmi|
False,|B-PER|,|O|,|Orbán|,|Orbán|
False,|B-MISC|,|O|,|Európa-rekorder|,|Európa-rekorder|
False,|B-PER|,|O|,|Orbán|,|Orbán|
False,|B-ORG|,|O|,|Jobbiknak|,|Jobbiknak|
False,|B-PER|,|O|,|Taps|,|Taps|
False,|B-ORG|,|O|,|Jobbik|,|Jobbik|
False,|B-PER|,|O|,|TÁLLAI|,|TÁLLAI|
False,|I-PER|,|O|,|ANDRÁS|,|ANDRÁS|
False,|B-PER|,|B-ORG|,|Országgyűlés|,|Országgyűlés|
False,|O|,|B-ORG|,|Képviselő|,|Képviselő|
False,|B-PER|,|I-ORG|,|Úr|,|Úr|
False,|B-ORG|,|B-LOC|,|Szlovénia|,|Szlovénia|
False,|B-ORG|,|B-LOC|,|Európa|,|Európa|
False,|B-ORG|,|O|,|Jobbik|,|Jobbik|
False,|B-PER|,|B-ORG|,|Ház|,|Ház|
False,|B-ORG|,|O|,|DK|,|DK|
False,|B-PER|,|O|,|DÖMÖTÖR|,|DÖMÖTÖR|
False,|I-PER|,|O|,|CSABA|,|CSABA|
False,|B-ORG|,|B-LOC|,|Magyarországgal|,|Magyarországgal|
False,|B-ORG|,|B-LOC|,|Magyarországnak|,|Magyarországnak|
False,|B-MISC|,|O|,|A|,|A|
False,|I-MISC|,|O|,|történet|,|történet|
False,|I-MISC|,|O|,|vége|,|vége|
False,|B-ORG|,|O|,|EU-nál|,|EU-nál|
False,|B-ORG|,|O|,|IMF-nél|,|IMF-nél|
False,|B-PER|,|O|,|Gréczy|,|Gréczy|
False,|B-PER|,|O|,|Harangozó|,|Harangozó|
False,|B-ORG|,|O|,|KDNP|,|KDNP|
False,|B-PER|,|O|,|HOLLIK|,|HOLLIK|
False,|I-PER|,|O|,|ISTVÁN|,|ISTVÁN|
False,|B-ORG|,|O|,|KDNP|,|KDNP|
False,|B-PER|,|B-ORG|,|Ház|,|Ház|
False,|B-MISC|,|O|,|Rezsivédelmi|,|Rezsivédelmi|
False,|B-ORG|,|O|,|Fidesz-KDNP|,|Fidesz-KDNP|
False,|B-ORG|,|B-LOC|,|Magyarország|,|Magyarország|
False,|B-ORG|,|B-LOC|,|Magyarországnak|,|Magyarországnak|
False,|B-ORG|,|O|,|Fidesz-KDNP-kormány|,|Fidesz-KDNP-kormány|
False,|B-PER|,|O|,|TÁLLAI|,|TÁLLAI|
False,|I-PER|,|O|,|ANDRÁS|,|ANDRÁS|
False,|B-PER|,|B-ORG|,|Országgyűlés|,|Országgyűlés|
False,|O|,|B-ORG|,|Képviselő|,|Képviselő|
False,|B-PER|,|I-ORG|,|Úr|,|Úr|
False,|B-MISC|,|O|,|A|,|A|
False,|I-MISC|,|O|,|benyújtott|,|benyújtott|
False,|I-MISC|,|O|,|2023.|,|2023.|
False,|I-MISC|,|O|,|évi|,|évi|
False,|I-MISC|,|O|,|költségvetés|,|költségvetés|
False,|I-MISC|,|O|,|prioritásai|,|prioritásai|
False,|B-MISC|,|O|,|Sic|,|Sic|
False,|B-ORG|,|O|,|Rezsivédelmi|,|Rezsivédelmi|
False,|I-ORG|,|O|,|és|,|és|
False,|I-ORG|,|O|,|a|,|a|
False,|I-ORG|,|B-ORG|,|Honvédelmi|,|Honvédelmi|
False,|B-ORG|,|O|,|Rezsivédelmi|,|Rezsivédelmi|
False,|I-ORG|,|O|,|Alapra|,|Alapra|
False,|O|,|B-ORG|,|Ház|,|Ház|
False,|B-PER|,|O|,|Bánki|,|Bánki|
False,|I-PER|,|O|,|Erik|,|Erik|
False,|B-PER|,|O|,|BÁNKI|,|BÁNKI|
False,|I-PER|,|O|,|ERIK|,|ERIK|
False,|B-LOC|,|O|,|Európát|,|Európát|
False,|B-ORG|,|B-LOC|,|Magyarország|,|Magyarország|
False,|B-LOC|,|O|,|Észtországban|,|Észtországban|
False,|B-ORG|,|B-LOC|,|Litvánia|,|Litvánia|
False,|B-ORG|,|B-LOC|,|Csehország|,|Csehország|
False,|B-ORG|,|B-LOC|,|Magyarországnak|,|Magyarországnak|
False,|B-ORG|,|B-LOC|,|Európának|,|Európának|
False,|B-LOC|,|O|,|Európát|,|Európát|
False,|B-ORG|,|B-LOC|,|Magyarországot|,|Magyarországot|
False,|B-LOC|,|O|,|Csehországgal|,|Csehországgal|
False,|B-ORG|,|B-LOC|,|Magyarország|,|Magyarország|
False,|B-ORG|,|B-LOC|,|Magyarország|,|Magyarország|
False,|B-PER|,|O|,|TÁLLAI|,|TÁLLAI|
False,|I-PER|,|O|,|ANDRÁS|,|ANDRÁS|
False,|B-PER|,|B-ORG|,|Országgyűlés|,|Országgyűlés|
False,|O|,|B-ORG|,|Képviselő|,|Képviselő|
False,|B-PER|,|I-ORG|,|Úr|,|Úr|
False,|B-ORG|,|B-LOC|,|Magyarország|,|Magyarország|
False,|B-PER|,|O|,|Bánki|,|Bánki|
False,|I-PER|,|O|,|Erik|,|Erik|
False,|B-ORG|,|O|,|Facebook|,|Facebook|
False,|B-ORG|,|O|,|Google|,|Google|
False,|B-ORG|,|B-LOC|,|Magyarország|,|Magyarország|
False,|B-PER|,|O|,|Istenigazából|,|Istenigazából|
False,|B-ORG|,|B-LOC|,|Amerikával|,|Amerikával|
False,|B-ORG|,|B-LOC|,|Kínával|,|Kínával|
False,|B-ORG|,|B-LOC|,|Amerika|,|Amerika|
False,|B-ORG|,|B-LOC|,|Amerika|,|Amerika|
False,|B-ORG|,|B-LOC|,|Amerika|,|Amerika|
False,|B-PER|,|B-ORG|,|Országgyűlés|,|Országgyűlés|
False,|B-PER|,|O|,|HISZÉKENY|,|HISZÉKENY|
False,|I-PER|,|O|,|DEZSŐ|,|DEZSŐ|
False,|B-PER|,|B-ORG|,|Országgyűlés|,|Országgyűlés|
False,|B-ORG|,|O|,|LMP|,|LMP|
False,|B-ORG|,|O|,|DK|,|DK|
False,|B-ORG|,|O|,|DK|,|DK|
False,|B-ORG|,|O|,|Jobbik|,|Jobbik|
False,|B-ORG|,|O|,|LMP|,|LMP|
False,|B-MISC|,|O|,|Párbeszéd|,|Párbeszéd|
False,|B-MISC|,|B-PER|,|Mi|,|Mi|
False,|I-MISC|,|I-PER|,|Hazánk|,|Hazánk|
False,|B-PER|,|O|,|Momentum|,|Momentum|
False,|B-ORG|,|O|,|Jobbik|,|Jobbik|
False,|B-ORG|,|O|,|DK|,|DK|
False,|B-ORG|,|O|,|KDNP|,|KDNP|
False,|B-ORG|,|O|,|LMP|,|LMP|
False,|B-ORG|,|O|,|Jobbik|,|Jobbik|
False,|B-ORG|,|O|,|LMP|,|LMP|
False,|B-PER|,|O|,|Z.|,|Z.|
False,|I-PER|,|B-PER|,|Kárpát|,|Kárpát|
False,|B-ORG|,|O|,|Jobbik|,|Jobbik|
False,|B-PER|,|O|,|Jobbik|,|Jobbik|
False,|B-ORG|,|O|,|DK.|,|DK.|
False,|B-LOC|,|O|,|Soron|,|Soron|
False,|B-ORG|,|I-ORG|,|Magyar|,|Magyar|
False,|B-MISC|,|O|,|Országgyűlést|,|Országgyűlést|
False,|B-ORG|,|O|,|DK|,|DK|
False,|B-ORG|,|O|,|DK|,|DK|
False,|B-PER|,|B-ORG|,|Gy.|,|Gy.|
False,|I-PER|,|I-ORG|,|Németh|,|Németh|
False,|I-PER|,|I-ORG|,|Erzsébet|,|Erzsébet|
False,|B-ORG|,|O|,|DK|,|DK|
False,|B-PER|,|O|,|Dr.|,|Dr.|
False,|I-PER|,|B-PER|,|Komáromi|,|Komáromi|
False,|B-ORG|,|O|,|DK|,|DK|
False,|B-ORG|,|O|,|DK|,|DK|
False,|B-PER|,|O|,|Dr.|,|Dr.|
False,|I-PER|,|B-PER|,|Oláh|,|Oláh|
False,|B-PER|,|B-ORG|,|Ház|,|Ház|
False,|B-MISC|,|O|,|Országgyűlést|,|Országgyűlést|
False,|B-MISC|,|B-ORG|,|Országgyűlés|,|Országgyűlés|
False,|B-PER|,|O|,|DR.|,|DR.|
False,|I-PER|,|O|,|SZŰCS|,|SZŰCS|
False,|I-PER|,|O|,|LAJOS|,|LAJOS|
False,|B-ORG|,|O|,|KDNP|,|KDNP|
False,|B-ORG|,|O|,|DK|,|DK|
False,|B-ORG|,|O|,|Jobbik|,|Jobbik|
False,|B-ORG|,|O|,|Momentum|,|Momentum|
False,|B-ORG|,|O|,|Párbeszéd|,|Párbeszéd|
False,|B-ORG|,|O|,|LMP|,|LMP|
False,|B-PER|,|B-ORG|,|Országgyűlés|,|Országgyűlés|
False,|B-MISC|,|O|,|T/152.|,|T/152.|
False,|B-LOC|,|O|,|Soron|,|Soron|
False,|B-LOC|,|B-ORG|,|Ház|,|Ház|
False,|O|,|I-PER|,|Jegyzők|,|Jegyzők|
False,|B-PER|,|O|,|dr.|,|dr.|
False,|I-PER|,|B-PER|,|Szűcs|,|Szűcs|
False,|B-ORG|,|O|,|DK|,|DK|
False,|B-PER|,|B-ORG|,|Ház|,|Ház|
False,|B-PER|,|B-ORG|,|Ház|,|Ház|
False,|B-LOC|,|O|,|Választókerületemben|,|Választókerületemben|
False,|B-LOC|,|O|,|XV.|,|XV.|
False,|I-LOC|,|O|,|kerületben|,|kerületben|
False,|B-LOC|,|O|,|Szentmihályi|,|Szentmihályi|
False,|I-LOC|,|O|,|út|,|út|
False,|B-LOC|,|B-PER|,|Irinyi|,|Irinyi|
False,|I-LOC|,|I-PER|,|János|,|János|
False,|I-LOC|,|O|,|laktanya|,|laktanya|
False,|B-LOC|,|O|,|Belügyminisztériumot|,|Belügyminisztériumot|
False,|B-ORG|,|O|,|LMP|,|LMP|
False,|B-PER|,|O|,|Barkóczi|,|Barkóczi|
False,|B-PER|,|O|,|DR.|,|DR.|
False,|I-PER|,|O|,|KONCZ|,|KONCZ|
False,|B-ORG|,|O|,|ZSÓFIA|,|ZSÓFIA|
False,|O|,|B-ORG|,|Elnök|,|Elnök|
False,|B-PER|,|I-ORG|,|Úr|,|Úr|
False,|B-PER|,|B-ORG|,|Országgyűlés|,|Országgyűlés|
False,|O|,|B-ORG|,|Képviselő|,|Képviselő|
False,|B-PER|,|I-ORG|,|Úr|,|Úr|
False,|B-MISC|,|O|,|Tisztítsuk|,|Tisztítsuk|
False,|I-MISC|,|O|,|meg|,|meg|
False,|I-MISC|,|O|,|az|,|az|
False,|I-MISC|,|O|,|országot|,|országot|
False,|I-MISC|,|O|,|!|,|!|
False,|B-LOC|,|O|,|Szilas-patak|,|Szilas-patak|
False,|O|,|B-ORG|,|Képviselő|,|Képviselő|
False,|B-PER|,|I-ORG|,|Úr|,|Úr|
False,|B-ORG|,|O|,|Demokratikus|,|Demokratikus|
False,|I-ORG|,|O|,|Koalíció|,|Koalíció|
False,|B-PER|,|O|,|Barkóczi|,|Barkóczi|
False,|B-ORG|,|O|,|BARKÓCZI|,|BARKÓCZI|
False,|I-ORG|,|O|,|BALÁZS|,|BALÁZS|
False,|B-ORG|,|O|,|DK|,|DK|
False,|O|,|B-PER|,|Államtitkár|,|Államtitkár|
False,|O|,|I-PER|,|Asszony|,|Asszony|
False,|B-PER|,|B-ORG|,|Tarnai|,|Tarnai|
False,|I-PER|,|I-ORG|,|Richárd|,|Richárd|
False,|B-ORG|,|O|,|DK|,|DK|
False,|O|,|B-ORG|,|Országgyűlés|,|Országgyűlés|
False,|B-ORG|,|O|,|Jobbik|,|Jobbik|
False,|B-PER|,|O|,|DR.|,|DR.|
False,|I-PER|,|O|,|LUKÁCS|,|LUKÁCS|
False,|I-PER|,|O|,|LÁSZLÓ|,|LÁSZLÓ|
False,|I-PER|,|O|,|GYÖRGY|,|GYÖRGY|
False,|B-ORG|,|O|,|Jobbik|,|Jobbik|
False,|O|,|B-ORG|,|Elnök|,|Elnök|
False,|B-PER|,|I-ORG|,|Úr|,|Úr|
False,|B-PER|,|B-ORG|,|Államtitkár|,|Államtitkár|
False,|I-PER|,|I-ORG|,|Úr|,|Úr|
False,|B-ORG|,|O|,|Jobbik|,|Jobbik|
False,|B-PER|,|O|,|Taps|,|Taps|
False,|B-ORG|,|O|,|Jobbik|,|Jobbik|
False,|B-PER|,|O|,|Lukács|,|Lukács|
False,|B-PER|,|O|,|Rétvári|,|Rétvári|
False,|I-PER|,|O|,|Bence|,|Bence|
False,|B-PER|,|O|,|RÉTVÁRI|,|RÉTVÁRI|
False,|I-PER|,|O|,|BENCE|,|BENCE|
False,|O|,|B-ORG|,|Képviselő|,|Képviselő|
False,|O|,|I-ORG|,|Úr|,|Úr|
False,|B-PER|,|B-ORG|,|Ház|,|Ház|
False,|B-ORG|,|O|,|Jobbiktól|,|Jobbiktól|
False,|B-ORG|,|O|,|Jobbikban|,|Jobbikban|
False,|B-LOC|,|O|,|Európát|,|Európát|
False,|B-PER|,|O|,|Lukács|,|Lukács|
False,|B-ORG|,|O|,|DR.|,|DR.|
False,|I-ORG|,|O|,|LUKÁCS|,|LUKÁCS|
False,|I-ORG|,|O|,|LÁSZLÓ|,|LÁSZLÓ|
False,|I-ORG|,|O|,|GYÖRGY|,|GYÖRGY|
False,|B-ORG|,|O|,|Jobbik|,|Jobbik|
False,|B-PER|,|O|,|Rétvári|,|Rétvári|
False,|I-PER|,|O|,|Bence|,|Bence|
False,|B-MISC|,|O|,|Nemzetközi|,|Nemzetközi|
False,|I-MISC|,|O|,|szaklapban|,|szaklapban|
False,|B-PER|,|O|,|Rétvári|,|Rétvári|
False,|B-PER|,|O|,|Rétvári|,|Rétvári|
False,|I-PER|,|O|,|Bence|,|Bence|
False,|B-ORG|,|O|,|Jobbik|,|Jobbik|
False,|B-PER|,|O|,|Rétvári|,|Rétvári|
False,|I-PER|,|O|,|Bence|,|Bence|
False,|B-PER|,|O|,|Taps|,|Taps|
False,|B-ORG|,|O|,|Jobbik|,|Jobbik|
False,|B-PER|,|B-ORG|,|Országgyűlés|,|Országgyűlés|
False,|B-PER|,|O|,|Gelencsér|,|Gelencsér|
False,|B-MISC|,|O|,|GELENCSÉR|,|GELENCSÉR|
False,|I-MISC|,|O|,|FERENC|,|FERENC|
False,|B-MISC|,|O|,|Momentum|,|Momentum|
False,|B-PER|,|B-ORG|,|Ház|,|Ház|
False,|B-PER|,|O|,|dr.|,|dr.|
False,|I-PER|,|B-PER|,|Nagy|,|Nagy|
False,|I-LOC|,|O|,|I.|,|I.|
False,|B-MISC|,|B-ORG|,|Red|,|Red|
False,|I-MISC|,|I-ORG|,|Bull|,|Bull|
False,|I-MISC|,|I-ORG|,|Air|,|Air|
False,|I-MISC|,|I-ORG|,|Race|,|Race|
False,|B-LOC|,|O|,|Várban|,|Várban|
False,|B-PER|,|O|,|dr.|,|dr.|
False,|I-PER|,|B-PER|,|Nagy|,|Nagy|
False,|I-PER|,|O|,|Tamást|,|Tamást|
False,|B-PER|,|O|,|Miniszter|,|Miniszter|
False,|B-PER|,|O|,|dr.|,|dr.|
False,|I-PER|,|B-PER|,|Nagy|,|Nagy|
False,|I-PER|,|O|,|Tamástól|,|Tamástól|
False,|B-PER|,|O|,|dr.|,|dr.|
False,|I-PER|,|B-PER|,|Nagy|,|Nagy|
False,|B-PER|,|O|,|Taps|,|Taps|
False,|B-PER|,|O|,|Gelencsér|,|Gelencsér|
False,|B-PER|,|O|,|FÓNAGY|,|FÓNAGY|
False,|I-PER|,|O|,|JÁNOS|,|JÁNOS|
False,|B-PER|,|B-ORG|,|Országgyűlés|,|Országgyűlés|
False,|B-PER|,|O|,|Fónagy|,|Fónagy|
False,|B-PER|,|O|,|Gelencsér|,|Gelencsér|
False,|B-PER|,|O|,|GELENCSÉR|,|GELENCSÉR|
False,|I-PER|,|O|,|FERENC|,|FERENC|
False,|B-MISC|,|O|,|Momentum|,|Momentum|
False,|B-ORG|,|O|,|Momentum|,|Momentum|
False,|B-PER|,|B-ORG|,|Országgyűlés|,|Országgyűlés|
False,|B-PER|,|O|,|SZABÓ|,|SZABÓ|
False,|I-PER|,|O|,|SÁNDOR|,|SÁNDOR|
False,|B-PER|,|B-ORG|,|Államtitkár|,|Államtitkár|
False,|I-PER|,|I-ORG|,|Úr|,|Úr|
False,|B-PER|,|O|,|Gyakorlatilag|,|Gyakorlatilag|
False,|B-PER|,|O|,|Taps|,|Taps|
False,|B-PER|,|O|,|Szabó|,|Szabó|
False,|B-ORG|,|O|,|TÁLLAI|,|TÁLLAI|
False,|I-ORG|,|O|,|ANDRÁS|,|ANDRÁS|
False,|O|,|B-PER|,|Elnök|,|Elnök|
False,|B-PER|,|I-PER|,|Úr|,|Úr|
False,|B-PER|,|B-ORG|,|Országgyűlés|,|Országgyűlés|
False,|O|,|B-ORG|,|Képviselő|,|Képviselő|
False,|B-PER|,|I-ORG|,|Úr|,|Úr|
False,|B-ORG|,|O|,|NAV|,|NAV|
False,|B-ORG|,|O|,|Szeged|,|Szeged|
False,|B-LOC|,|O|,|Szeged|,|Szeged|
False,|B-ORG|,|O|,|Szeged|,|Szeged|
False,|B-LOC|,|O|,|Szegednek|,|Szegednek|
False,|B-LOC|,|B-PER|,|Szeged|,|Szeged|
False,|B-LOC|,|B-ORG|,|Pick|,|Pick|
False,|I-LOC|,|I-ORG|,|Aréna|,|Aréna|
False,|B-LOC|,|B-ORG|,|Szeged|,|Szeged|
False,|O|,|B-ORG|,|Képviselő|,|Képviselő|
False,|O|,|I-ORG|,|Úr|,|Úr|
False,|B-PER|,|O|,|SZABÓ|,|SZABÓ|
False,|I-PER|,|O|,|SÁNDOR|,|SÁNDOR|
False,|B-PER|,|O|,|Taps|,|Taps|
False,|B-PER|,|O|,|Szabó|,|Szabó|
False,|B-PER|,|B-ORG|,|Országgyűlés|,|Országgyűlés|
False,|O|,|B-PER|,|Mi|,|Mi|
False,|B-PER|,|I-PER|,|Hazánk|,|Hazánk|
False,|B-PER|,|B-ORG|,|Miniszter|,|Miniszter|
False,|I-PER|,|I-ORG|,|Úr|,|Úr|
False,|B-MISC|,|B-ORG|,|Nemzeti|,|Nemzeti|
False,|I-MISC|,|I-ORG|,|Vidékstratégia|,|Vidékstratégia|
False,|I-MISC|,|O|,|2012-2020|,|2012-2020|
False,|B-PER|,|O|,|dr.|,|dr.|
False,|I-PER|,|B-PER|,|Ángyán|,|Ángyán|
False,|B-MISC|,|O|,|A|,|A|
False,|I-MISC|,|O|,|magyar|,|magyar|
False,|I-MISC|,|O|,|vidék|,|vidék|
False,|I-MISC|,|O|,|alkotmánya|,|alkotmánya|
False,|B-MISC|,|O|,|Hozzáteszem|,|Hozzáteszem|
False,|B-MISC|,|B-ORG|,|Mi|,|Mi|
False,|I-MISC|,|I-ORG|,|Hazánk|,|Hazánk|
False,|I-MISC|,|O|,|soraiban|,|soraiban.|
False,|B-PER|,|O|,|FARKAS|,|FARKAS|
False,|I-PER|,|O|,|SÁNDOR|,|SÁNDOR|
False,|O|,|B-ORG|,|Elnök|,|Elnök|
False,|B-PER|,|I-ORG|,|Úr|,|Úr|
False,|O|,|B-ORG|,|Képviselő|,|Képviselő|
False,|B-PER|,|I-ORG|,|Úr|,|Úr|
False,|B-LOC|,|O|,|Elöljáróban|,|Elöljáróban|
False,|B-LOC|,|O|,|CSOK-ot|,|CSOK-ot|
False,|B-LOC|,|O|,|EU-ban|,|EU-ban|
False,|B-LOC|,|O|,|EU-ban|,|EU-ban|
False,|O|,|B-ORG|,|Képviselő|,|Képviselő|
False,|O|,|I-ORG|,|Úr|,|Úr|
False,|B-ORG|,|B-LOC|,|Magyarország|,|Magyarország|
False,|I-ORG|,|O|,|Kormányának|,|Kormányának|
False,|O|,|B-PER|,|Mi|,|Mi|
False,|B-ORG|,|I-PER|,|Hazánk|,|Hazánk|
False,|B-PER|,|O|,|Államtitkár|,|Államtitkár|
False,|B-MISC|,|O|,|Nemzeti|,|Nemzeti|
False,|I-MISC|,|B-LOC|,|Vidékstratégia|,|Vidékstratégia|
False,|I-MISC|,|O|,|2012-2020|,|2012-2020|
False,|B-MISC|,|B-ORG|,|Mi|,|Mi|
False,|I-MISC|,|I-ORG|,|Hazánk|,|Hazánk|
False,|I-MISC|,|O|,|soraiban|,|soraiban.|
False,|B-PER|,|B-ORG|,|Országgyűlés|,|Országgyűlés|
False,|B-PER|,|O|,|Jámbor|,|Jámbor|
False,|I-PER|,|B-PER|,|András|,|András|
False,|B-PER|,|O|,|Jámbor|,|Jámbor|
False,|I-PER|,|B-PER|,|András|,|András|
False,|B-PER|,|O|,|JÁMBOR|,|JÁMBOR|
False,|I-PER|,|O|,|ANDRÁS|,|ANDRÁS|
False,|I-PER|,|O|,|IMRE|,|IMRE|
False,|B-MISC|,|O|,|Párbeszéd|,|Párbeszéd|
False,|B-MISC|,|O|,|Tisztelt|,|Tisztelt|
False,|I-MISC|,|B-ORG|,|Miniszter|,|Miniszter|
False,|I-MISC|,|I-ORG|,|Asszony|,|Asszony|
False,|I-MISC|,|O|,|!|,|!|
False,|B-ORG|,|O|,|Covid|,|Covid|
False,|B-MISC|,|O|,|Tisztelt|,|Tisztelt|
False,|I-MISC|,|B-ORG|,|Miniszter|,|Miniszter|
False,|I-MISC|,|I-ORG|,|Asszony|,|Asszony|
False,|I-MISC|,|O|,|!|,|!|
False,|B-ORG|,|O|,|Végrehajtói|,|Végrehajtói|
False,|I-ORG|,|O|,|Kar|,|Kar|
False,|B-PER|,|O|,|Répássy|,|Répássy|
False,|O|,|B-ORG|,|Miniszter|,|Miniszter|
False,|O|,|I-ORG|,|Asszony|,|Asszony|
False,|B-MISC|,|O|,|Alaptörvénybe|,|Alaptörvénybe|
False,|B-PER|,|O|,|Vane|,|Vane|
False,|B-MISC|,|O|,|Tervezie|,|Tervezie|
False,|B-ORG|,|O|,|Diákváros|,|Diákváros|
False,|B-ORG|,|O|,|Végrehajtói|,|Végrehajtói|
False,|I-ORG|,|O|,|Kar|,|Kar|
False,|B-PER|,|O|,|Taps|,|Taps|
False,|B-ORG|,|O|,|DR.|,|DR.|
False,|I-ORG|,|O|,|VARGA|,|VARGA|
False,|I-ORG|,|O|,|JUDIT|,|JUDIT|
False,|O|,|B-ORG|,|Elnök|,|Elnök|
False,|B-PER|,|I-ORG|,|Úr|,|Úr|
False,|B-PER|,|B-ORG|,|Országgyűlés|,|Országgyűlés|
False,|O|,|B-ORG|,|Képviselő|,|Képviselő|
False,|B-PER|,|I-ORG|,|Úr|,|Úr|
False,|B-ORG|,|O|,|Szabályozott|,|Szabályozott|
False,|I-ORG|,|O|,|Tevékenységek|,|Tevékenységek|
False,|I-ORG|,|O|,|Felügyeleti|,|Felügyeleti|
False,|I-ORG|,|O|,|Hatóságával|,|Hatóságával|
False,|B-PER|,|O|,|Megkérdezem|,|Megkérdezem|
False,|I-PER|,|B-PER|,|Jámbor|,|Jámbor|
False,|B-PER|,|O|,|JÁMBOR|,|JÁMBOR|
False,|I-PER|,|O|,|ANDRÁS|,|ANDRÁS|
False,|I-PER|,|O|,|IMRE|,|IMRE|
False,|B-MISC|,|O|,|Párbeszéd|,|Párbeszéd|
False,|B-PER|,|O|,|Dr.|,|Dr.|
False,|I-PER|,|B-PER|,|Varga|,|Varga|
False,|B-MISC|,|O|,|Völner-ügyre|,|Völner-ügyre|
False,|B-ORG|,|O|,|Végrehajtói|,|Végrehajtói|
False,|I-ORG|,|O|,|Kar|,|Kar|
False,|B-PER|,|O|,|CSÁRDI|,|CSÁRDI|
False,|I-PER|,|O|,|ANTAL|,|ANTAL|
False,|B-ORG|,|O|,|LMP|,|LMP|
False,|B-PER|,|B-ORG|,|Államtitkár|,|Államtitkár|
False,|I-PER|,|I-ORG|,|Úr|,|Úr|
False,|B-PER|,|B-ORG|,|Országgyűlés|,|Országgyűlés|
False,|B-ORG|,|O|,|Gazdasági|,|Gazdasági|
False,|I-ORG|,|O|,|bizottság|,|bizottság|
False,|B-ORG|,|B-LOC|,|Írország|,|Írország|
False,|B-PER|,|B-ORG|,|Miniszter|,|Miniszter|
False,|I-PER|,|I-ORG|,|Úr|,|Úr|
False,|B-PER|,|B-ORG|,|Államtitkár|,|Államtitkár|
False,|I-PER|,|I-ORG|,|Úr|,|Úr|
False,|B-PER|,|O|,|Csárdi|,|Csárdi|
False,|B-ORG|,|O|,|TÁLLAI|,|TÁLLAI|
False,|I-ORG|,|O|,|ANDRÁS|,|ANDRÁS|
False,|B-PER|,|B-ORG|,|Országgyűlés|,|Országgyűlés|
False,|O|,|B-ORG|,|Képviselő|,|Képviselő|
False,|B-PER|,|I-ORG|,|Úr|,|Úr|
False,|B-PER|,|O|,|Bevallom|,|Bevallom|
False,|B-ORG|,|B-LOC|,|Magyarország|,|Magyarország|
False,|B-MISC|,|O|,|Facebook|,|Facebook|
False,|B-ORG|,|B-LOC|,|Magyarország|,|Magyarország|
False,|B-ORG|,|B-LOC|,|Magyarország|,|Magyarország|
False,|B-PER|,|O|,|Megkérdezem|,|Megkérdezem|
False,|I-PER|,|O|,|Csárdi|,|Csárdi|
False,|B-PER|,|O|,|CSÁRDI|,|CSÁRDI|
False,|I-PER|,|O|,|ANTAL|,|ANTAL|
False,|B-ORG|,|O|,|LMP|,|LMP|
False,|B-ORG|,|O|,|Audinak|,|Audinak|
False,|B-ORG|,|O|,|MOL-nál|,|MOL-nál|
False,|B-ORG|,|O|,|LMP|,|LMP|
False,|B-PER|,|O|,|Taps|,|Taps|
False,|B-ORG|,|O|,|DK|,|DK|
False,|O|,|B-ORG|,|Országgyűlés|,|Országgyűlés|
False,|B-ORG|,|O|,|Brüsszel|,|Brüsszel|
False,|B-PER|,|O|,|Németh|,|Németh|
False,|I-PER|,|O|,|Szilárd|,|Szilárd|
False,|B-PER|,|O|,|NÉMETH|,|NÉMETH|
False,|I-PER|,|O|,|SZILÁRD|,|SZILÁRD|
False,|I-PER|,|O|,|ISTVÁN|,|ISTVÁN|
False,|B-PER|,|B-ORG|,|Miniszter|,|Miniszter|
False,|I-PER|,|I-ORG|,|Asszony|,|Asszony|
False,|B-ORG|,|B-LOC|,|Magyarország|,|Magyarország|
False,|I-ORG|,|O|,|Kormánya|,|Kormánya|
False,|B-ORG|,|O|,|Európára|,|Európára|
False,|B-ORG|,|B-LOC|,|Magyarország|,|Magyarország|
False,|B-LOC|,|O|,|Brüsszel|,|Brüsszel|
False,|B-LOC|,|O|,|Brüsszel|,|Brüsszel|
False,|B-ORG|,|O|,|DR.|,|DR.|
False,|I-ORG|,|O|,|VARGA|,|VARGA|
False,|B-PER|,|O|,|JUDIT|,|JUDIT|
False,|B-PER|,|B-ORG|,|Országgyűlés|,|Országgyűlés|
False,|O|,|B-ORG|,|Képviselő|,|Képviselő|
False,|B-PER|,|I-ORG|,|Úr|,|Úr|
False,|B-ORG|,|B-LOC|,|Magyarország|,|Magyarország|
False,|B-ORG|,|B-LOC|,|Belgium|,|Belgium|
False,|B-ORG|,|B-LOC|,|Németország|,|Németország|
False,|B-ORG|,|B-LOC|,|Magyarország|,|Magyarország|
False,|B-PER|,|O|,|Megkérdezem|,|Megkérdezem|
False,|I-PER|,|B-PER|,|Németh|,|Németh|
False,|B-PER|,|O|,|NÉMETH|,|NÉMETH|
False,|I-PER|,|O|,|SZILÁRD|,|SZILÁRD|
False,|I-PER|,|O|,|ISTVÁN|,|ISTVÁN|
False,|B-ORG|,|O|,|Fidesz-KDNP|,|Fidesz-KDNP|
False,|B-ORG|,|O|,|Kormány|,|Kormány|
False,|B-ORG|,|O|,|SIMICSKÓ|,|SIMICSKÓ|
False,|I-ORG|,|O|,|ISTVÁN|,|ISTVÁN|
False,|B-ORG|,|O|,|KDNP|,|KDNP|
False,|O|,|B-ORG|,|Elnök|,|Elnök|
False,|B-PER|,|I-ORG|,|Úr|,|Úr|
False,|O|,|B-ORG|,|Államtitkár|,|Államtitkár|
False,|O|,|I-ORG|,|Asszony|,|Asszony|
False,|B-ORG|,|O|,|Fidesz-KDNP-kormány|,|Fidesz-KDNP-kormány|
False,|B-ORG|,|O|,|Fidesz-KDNP-kormány|,|Fidesz-KDNP-kormány|
False,|B-ORG|,|O|,|Európára|,|Európára|
False,|B-ORG|,|O|,|KDNP|,|KDNP|
False,|B-PER|,|O|,|Dr.|,|Dr.|
False,|I-PER|,|B-PER|,|Szűcs|,|Szűcs|
False,|B-PER|,|O|,|VITÁLYOS|,|VITÁLYOS|
False,|I-PER|,|O|,|ESZTER|,|ESZTER|
False,|O|,|B-ORG|,|Országgyűlés|,|Országgyűlés|
False,|B-PER|,|B-ORG|,|Ház|,|Ház|
False,|B-MISC|,|O|,|Az|,|Az|
False,|I-MISC|,|O|,|Alaptörvényünkben|,|Alaptörvényünkben|
False,|B-PER|,|O|,|Hiszékeny|,|Hiszékeny|
False,|I-PER|,|O|,|Dezsőt|,|Dezsőt|
False,|B-PER|,|O|,|Frakcióvezető|,|Frakcióvezető|
False,|I-PER|,|O|,|Úr|,|Úr|
False,|B-LOC|,|B-ORG|,|Ház|,|Ház|
False,|B-LOC|,|B-ORG|,|Európai|,|Európai|
False,|I-LOC|,|I-ORG|,|Unióban|,|Unióban|
False,|B-MISC|,|O|,|Munkánknak|,|Munkánknak|
False,|B-ORG|,|O|,|DR.|,|DR.|
False,|I-ORG|,|O|,|SIMICSKÓ|,|SIMICSKÓ|
False,|I-ORG|,|O|,|ISTVÁN|,|ISTVÁN|
False,|B-ORG|,|O|,|KDNP|,|KDNP|
False,|B-PER|,|O|,|Megnyugtató|,|Megnyugtató|
False,|B-MISC|,|O|,|Fidesz-KDNP-kormányra|,|Fidesz-KDNP-kormányra|
False,|B-ORG|,|O|,|Rezsivédelmi|,|Rezsivédelmi|
False,|I-ORG|,|O|,|Alappal|,|Alappal|
False,|B-PER|,|O|,|Simicskó|,|Simicskó|
False,|B-PER|,|B-ORG|,|Országgyűlés|,|Országgyűlés|
False,|B-ORG|,|O|,|DK|,|DK|
False,|B-PER|,|O|,|Miniszterelnök|,|Miniszterelnök|
False,|B-ORG|,|O|,|KÁLMÁN|,|KÁLMÁN|
False,|I-ORG|,|O|,|OLGA|,|OLGA|
False,|B-ORG|,|O|,|DK|,|DK|
False,|B-PER|,|B-ORG|,|Országgyűlés|,|Országgyűlés|
False,|B-ORG|,|O|,|DK|,|DK|
False,|B-LOC|,|O|,|Közbeszólások|,|Közbeszólások|
False,|B-ORG|,|O|,|Jobbik|,|Jobbik|
False,|B-PER|,|O|,|JAKAB|,|JAKAB|
False,|I-PER|,|O|,|PÉTER|,|PÉTER|
False,|B-ORG|,|O|,|Jobbik|,|Jobbik|
False,|B-PER|,|O|,|Taps|,|Taps|
False,|B-ORG|,|O|,|Jobbik|,|Jobbik|
False,|B-PER|,|O|,|Moraj|,|Moraj|
False,|B-PER|,|O|,|Rétvári|,|Rétvári|
False,|I-PER|,|O|,|Bence|,|Bence|
False,|B-PER|,|B-ORG|,|Országgyűlés|,|Országgyűlés|
False,|B-ORG|,|O|,|Jobbik|,|Jobbik|
False,|B-PER|,|O|,|Miniszter|,|Miniszter|
False,|B-PER|,|O|,|DR.|,|DR.|
False,|I-PER|,|O|,|BRENNER|,|BRENNER|
False,|I-PER|,|O|,|KOLOMAN|,|KOLOMAN|
False,|B-ORG|,|O|,|Jobbik|,|Jobbik|
False,|O|,|B-ORG|,|Elnök|,|Elnök|
False,|B-PER|,|I-ORG|,|Úr|,|Úr|
False,|B-PER|,|B-ORG|,|Miniszter|,|Miniszter|
False,|I-PER|,|I-ORG|,|Úr|,|Úr|
False,|B-MISC|,|O|,|Álláspont|,|Álláspont|
False,|B-MISC|,|O|,|Médiatanácsba|,|Médiatanácsba|
False,|B-ORG|,|O|,|Jobbik|,|Jobbik|
False,|B-ORG|,|O|,|Brüsszelt|,|Brüsszelt|
False,|B-PER|,|O|,|Taps|,|Taps|
False,|B-ORG|,|O|,|Jobbik|,|Jobbik|
False,|B-ORG|,|O|,|DR.|,|DR.|
False,|I-ORG|,|O|,|NAVRACSICS|,|NAVRACSICS|
False,|I-ORG|,|O|,|TIBOR|,|TIBOR|
False,|O|,|B-ORG|,|Elnök|,|Elnök|
False,|B-PER|,|I-ORG|,|Úr|,|Úr|
False,|B-PER|,|O|,|Képviselőtársam|,|Képviselőtársam|
False,|I-ORG|,|B-LOC|,|Magyarországot|,|Magyarországot|
False,|B-ORG|,|O|,|Jobbik|,|Jobbik|
False,|B-ORG|,|O|,|Bizottság|,|Bizottság|
False,|B-ORG|,|O|,|Bizottság|,|Bizottság|
False,|B-PER|,|O|,|Laura|,|Laura|
False,|I-PER|,|O|,|Codru?a|,|Codru?a|
False,|B-PER|,|O|,|DR.|,|DR.|
False,|I-PER|,|O|,|BRENNER|,|BRENNER|
False,|I-PER|,|O|,|KOLOMAN|,|KOLOMAN|
False,|B-ORG|,|O|,|Jobbik|,|Jobbik|
False,|O|,|B-ORG|,|Elnök|,|Elnök|
False,|B-PER|,|I-ORG|,|Úr|,|Úr|
False,|B-PER|,|O|,|Miniszter|,|Miniszter|
False,|B-ORG|,|O|,|ORF-en|,|ORF-en|
False,|B-ORG|,|O|,|Jobbik|,|Jobbik|
False,|B-PER|,|O|,|Dr.|,|Dr.|
False,|I-PER|,|B-PER|,|Orbán|,|Orbán|
False,|B-PER|,|O|,|Rétvári|,|Rétvári|
False,|I-PER|,|O|,|Bence|,|Bence|
False,|B-PER|,|O|,|Gyurcsány|,|Gyurcsány|
False,|B-ORG|,|O|,|Jobbik|,|Jobbik|
False,|B-ORG|,|O|,|DR.|,|DR.|
False,|I-ORG|,|O|,|NAVRACSICS|,|NAVRACSICS|
False,|I-ORG|,|O|,|TIBOR|,|TIBOR|
False,|B-ORG|,|O|,|ORF-en|,|ORF-en|
False,|B-LOC|,|O|,|Derültség|,|Derültség|
False,|B-ORG|,|O|,|KDNP|,|KDNP|
False,|B-ORG|,|O|,|Jobbik|,|Jobbik|
False,|B-ORG|,|O|,|Momentum|,|Momentum|
False,|B-ORG|,|O|,|FEKETE-GYŐR|,|FEKETE-GYŐR|
False,|I-ORG|,|O|,|ANDRÁS|,|ANDRÁS|
False,|B-ORG|,|O|,|Momentum|,|Momentum|
False,|B-ORG|,|O|,|Momentum|,|Momentum|
False,|B-MISC|,|O|,|HAJNAL|,|HAJNAL|
False,|I-MISC|,|O|,|MIKLÓS|,|MIKLÓS|
False,|B-MISC|,|O|,|Momentum|,|Momentum|
False,|B-MISC|,|B-ORG|,|Országgyűlés|,|Országgyűlés|
False,|B-PER|,|B-ORG|,|Államtitkár|,|Államtitkár|
False,|I-PER|,|I-ORG|,|Úr|,|Úr|
False,|B-ORG|,|O|,|Kormányinfó|,|Kormányinfó|
False,|B-ORG|,|O|,|Miniszterelnökséget|,|Miniszterelnökséget|
False,|B-MISC|,|O|,|Kormányinfóra|,|Kormányinfóra|
False,|B-MISC|,|O|,|Kormányinfóra|,|Kormányinfóra|
False,|B-ORG|,|O|,|Kormányinfón|,|Kormányinfón|
False,|B-ORG|,|O|,|Kormányinfóra|,|Kormányinfóra|
False,|B-PER|,|O|,|Taps|,|Taps|
False,|B-MISC|,|B-ORG|,|Momentum|,|Momentum|
False,|B-MISC|,|O|,|Párbeszéd|,|Párbeszéd|
False,|B-PER|,|O|,|DÖMÖTÖR|,|DÖMÖTÖR|
False,|I-PER|,|O|,|CSABA|,|CSABA|
False,|B-ORG|,|O|,|Kormányinfókra|,|Kormányinfókra|
False,|B-ORG|,|O|,|Kormányinfón|,|Kormányinfón|
False,|B-ORG|,|O|,|Kormányinfókat|,|Kormányinfókat|
False,|B-ORG|,|O|,|Kormányinfókat|,|Kormányinfókat|
False,|B-PER|,|O|,|Moraj|,|Moraj|
False,|B-ORG|,|O|,|Budapestinfót|,|Budapestinfót|
False,|B-MISC|,|O|,|HAJNAL|,|HAJNAL|
False,|I-MISC|,|O|,|MIKLÓS|,|MIKLÓS|
False,|B-ORG|,|O|,|Momentum|,|Momentum|
False,|B-ORG|,|O|,|Direkt36|,|Direkt36|
False,|B-ORG|,|O|,|Kormányinfóra|,|Kormányinfóra|
False,|B-ORG|,|O|,|Miniszterelnökség|,|Miniszterelnökség|
False,|B-MISC|,|O|,|Kormányinfóra|,|Kormányinfóra|
False,|B-PER|,|O|,|DÖMÖTÖR|,|DÖMÖTÖR|
False,|I-PER|,|O|,|CSABA|,|CSABA|
False,|B-ORG|,|O|,|Kormányinfó|,|Kormányinfó|
False,|B-PER|,|B-ORG|,|Országgyűlés|,|Országgyűlés|
False,|B-MISC|,|O|,|Aktuális|,|Aktuális|
False,|I-MISC|,|O|,|kérdésekről|,|kérdésekről|
False,|B-PER|,|O|,|Rétvári|,|Rétvári|
False,|I-PER|,|O|,|Bence|,|Bence|
False,|B-PER|,|O|,|KOMJÁTHI|,|KOMJÁTHI|
False,|I-PER|,|O|,|IMRE|,|IMRE|
False,|B-PER|,|O|,|KOMJÁTHI|,|KOMJÁTHI|
False,|I-PER|,|O|,|IMRE|,|IMRE|
False,|B-PER|,|O|,|Rétvári|,|Rétvári|
False,|I-PER|,|O|,|Bence|,|Bence|
False,|B-PER|,|O|,|Rétvári|,|Rétvári|
False,|I-PER|,|O|,|Bence|,|Bence|
False,|B-ORG|,|O|,|MSZP-ben|,|MSZP-ben|
False,|B-PER|,|O|,|Befolyásoljae|,|Befolyásoljae|
False,|B-PER|,|O|,|Komjáthi|,|Komjáthi|
False,|B-PER|,|O|,|Rétvári|,|Rétvári|
False,|I-PER|,|O|,|Bence|,|Bence|
False,|B-PER|,|O|,|RÉTVÁRI|,|RÉTVÁRI|
False,|I-PER|,|O|,|BENCE|,|BENCE|
False,|B-ORG|,|O|,|Fidesz-KDNP-kormány|,|Fidesz-KDNP-kormány|
False,|B-PER|,|O|,|KOMJÁTHI|,|KOMJÁTHI|
False,|I-PER|,|O|,|IMRE|,|IMRE|
False,|B-ORG|,|O|,|Hankook|,|Hankook|
False,|B-PER|,|O|,|Komjáthi|,|Komjáthi|
False,|B-PER|,|O|,|RÉTVÁRI|,|RÉTVÁRI|
False,|I-PER|,|O|,|BENCE|,|BENCE|
False,|O|,|B-ORG|,|Képviselő|,|Képviselő|
False,|O|,|I-ORG|,|Úr|,|Úr|
False,|B-PER|,|B-ORG|,|Ház|,|Ház|
False,|B-PER|,|O|,|RÉTVÁRI|,|RÉTVÁRI|
False,|I-PER|,|O|,|BENCE|,|BENCE|
False,|B-PER|,|B-ORG|,|Országgyűlés|,|Országgyűlés|
False,|B-PER|,|O|,|DÚRÓ|,|DÚRÓ|
False,|I-PER|,|O|,|DÓRA|,|DÓRA|
False,|B-MISC|,|B-PER|,|Mi|,|Mi|
False,|I-MISC|,|I-PER|,|Hazánk|,|Hazánk|
False,|B-PER|,|O|,|Miniszterelnök|,|Miniszterelnök|
False,|B-PER|,|B-ORG|,|Országgyűlés|,|Országgyűlés|
False,|B-PER|,|O|,|DÚRÓ|,|DÚRÓ|
False,|I-PER|,|O|,|DÓRA|,|DÓRA|
False,|B-MISC|,|B-PER|,|Mi|,|Mi|
False,|I-MISC|,|I-PER|,|Hazánk|,|Hazánk|
False,|B-PER|,|O|,|DÚRÓ|,|DÚRÓ|
False,|I-PER|,|O|,|DÓRA|,|DÓRA|
False,|B-MISC|,|B-PER|,|Mi|,|Mi|
False,|I-MISC|,|I-PER|,|Hazánk|,|Hazánk|
False,|O|,|B-ORG|,|Elnök|,|Elnök|
False,|B-PER|,|I-ORG|,|Úr|,|Úr|
False,|O|,|B-ORG|,|Politikai|,|Politikai|
False,|O|,|I-ORG|,|Igazgató|,|Igazgató|
False,|O|,|I-ORG|,|Úr|,|Úr|
False,|B-PER|,|O|,|Rétvári|,|Rétvári|
False,|I-PER|,|O|,|Bence|,|Bence|
False,|B-PER|,|O|,|Hoppá|,|Hoppá|
False,|B-PER|,|O|,|Moraj|,|Moraj|
False,|B-MISC|,|O|,|Közbeszólás|,|Közbeszólás|
False,|B-ORG|,|O|,|Jobbik|,|Jobbik|
False,|B-MISC|,|O|,|Jobbiknak|,|Jobbiknak|
False,|B-ORG|,|O|,|Jobbik|,|Jobbik|
False,|B-PER|,|O|,|Előd|,|Előd|
False,|B-ORG|,|B-LOC|,|Magyarország|,|Magyarország|
False,|B-ORG|,|O|,|Angliát|,|Angliát|
False,|B-ORG|,|B-LOC|,|Magyarország|,|Magyarország|
False,|B-PER|,|O|,|Taps|,|Taps|
False,|B-PER|,|O|,|DR.|,|DR.|
False,|I-PER|,|O|,|ORBÁN|,|ORBÁN|
False,|I-PER|,|O|,|BALÁZS|,|BALÁZS|
False,|O|,|B-ORG|,|Elnök|,|Elnök|
False,|B-PER|,|I-ORG|,|Úr|,|Úr|
False,|B-PER|,|B-ORG|,|Ház|,|Ház|
False,|O|,|B-ORG|,|Képviselő|,|Képviselő|
False,|O|,|I-ORG|,|Asszony|,|Asszony|
False,|B-PER|,|O|,|DÚRÓ|,|DÚRÓ|
False,|I-PER|,|O|,|DÓRA|,|DÓRA|
False,|B-MISC|,|B-PER|,|Mi|,|Mi|
False,|I-MISC|,|I-PER|,|Hazánk|,|Hazánk|
False,|B-ORG|,|B-LOC|,|Magyarország|,|Magyarország|
False,|B-PER|,|O|,|DR.|,|DR.|
False,|I-PER|,|O|,|ORBÁN|,|ORBÁN|
False,|I-PER|,|O|,|BALÁZS|,|BALÁZS|
False,|O|,|B-ORG|,|Elnök|,|Elnök|
False,|B-PER|,|I-ORG|,|Úr|,|Úr|
False,|O|,|B-ORG|,|Képviselő|,|Képviselő|
False,|O|,|I-ORG|,|Asszony|,|Asszony|
False,|B-ORG|,|B-LOC|,|Magyarországnak|,|Magyarországnak|
False,|B-ORG|,|B-LOC|,|Magyarország|,|Magyarország|
False,|O|,|B-LOC|,|Kormánya|,|Kormánya|
False,|B-PER|,|O|,|Tordai|,|Tordai|
False,|I-PER|,|O|,|Bence|,|Bence|
False,|B-ORG|,|O|,|Párbeszéd|,|Párbeszéd|
False,|B-PER|,|O|,|Miniszter|,|Miniszter|
False,|B-MISC|,|O|,|SZABÓ|,|SZABÓ|
False,|I-MISC|,|O|,|REBEKA|,|REBEKA|
False,|B-MISC|,|O|,|Párbeszéd|,|Párbeszéd|
False,|B-MISC|,|O|,|SZABÓ|,|SZABÓ|
False,|I-MISC|,|O|,|REBEKA|,|REBEKA|
False,|B-MISC|,|O|,|Párbeszéd|,|Párbeszéd|
False,|B-PER|,|B-ORG|,|Államtitkár|,|Államtitkár|
False,|I-PER|,|I-ORG|,|Úr|,|Úr|
False,|B-ORG|,|B-LOC|,|Hollandia|,|Hollandia|
False,|B-ORG|,|B-LOC|,|Spanyolország|,|Spanyolország|
False,|B-ORG|,|B-LOC|,|Franciaország|,|Franciaország|
False,|B-ORG|,|B-LOC|,|Németország|,|Németország|
False,|B-MISC|,|O|,|37-et|,|37-et|
False,|B-PER|,|O|,|FARKAS|,|FARKAS|
False,|I-PER|,|O|,|SÁNDOR|,|SÁNDOR|
False,|O|,|B-ORG|,|Elnök|,|Elnök|
False,|B-PER|,|I-ORG|,|Úr|,|Úr|
False,|O|,|B-ORG|,|Képviselő|,|Képviselő|
False,|O|,|I-ORG|,|Asszony|,|Asszony|
False,|B-PER|,|O|,|Kanász-Nagy|,|Kanász-Nagy|
False,|I-PER|,|O|,|Máté|,|Máté|
False,|B-ORG|,|O|,|NÉBIH|,|NÉBIH|
False,|B-MISC|,|O|,|SZABÓ|,|SZABÓ|
False,|I-MISC|,|O|,|REBEKA|,|REBEKA|
False,|B-MISC|,|O|,|Párbeszéd|,|Párbeszéd|
False,|B-ORG|,|O|,|Agrárminisztériumnak|,|Agrárminisztériumnak|
False,|B-ORG|,|O|,|Agrárminisztérium|,|Agrárminisztérium|
False,|B-PER|,|O|,|Taps|,|Taps|
False,|B-ORG|,|O|,|DK|,|DK|
False,|B-PER|,|O|,|Államtitkár|,|Államtitkár|
False,|B-PER|,|O|,|FARKAS|,|FARKAS|
False,|I-PER|,|O|,|SÁNDOR|,|SÁNDOR|
False,|O|,|B-ORG|,|Elnök|,|Elnök|
False,|B-PER|,|I-ORG|,|Úr|,|Úr|
False,|O|,|B-ORG|,|Képviselő|,|Képviselő|
False,|O|,|I-ORG|,|Asszony|,|Asszony|
False,|B-PER|,|B-ORG|,|Országgyűlés|,|Országgyűlés|
False,|B-ORG|,|O|,|LMP|,|LMP|
False,|B-PER|,|O|,|Miniszterelnök|,|Miniszterelnök|
False,|B-PER|,|O|,|UNGÁR|,|UNGÁR|
False,|I-PER|,|O|,|PÉTER|,|PÉTER|
False,|B-ORG|,|O|,|LMP|,|LMP|
False,|B-PER|,|O|,|Miniszterelnök|,|Miniszterelnök|
False,|B-ORG|,|O|,|LMP|,|LMP|
False,|B-MISC|,|O|,|Honnan|,|Honnan|
False,|I-MISC|,|O|,|fúj|,|fúj|
False,|I-MISC|,|O|,|a|,|a|
False,|I-MISC|,|O|,|szél|,|szél|
False,|I-MISC|,|O|,|?|,|?|
False,|B-ORG|,|O|,|LMP|,|LMP|
False,|B-ORG|,|O|,|LMP|,|LMP|
False,|B-ORG|,|O|,|LMP-nek|,|LMP-nek|
False,|B-LOC|,|O|,|Ausztriának|,|Ausztriának|
False,|B-ORG|,|B-LOC|,|Szerbiának|,|Szerbiának|
False,|B-PER|,|O|,|Taps|,|Taps|
False,|B-ORG|,|O|,|LMP|,|LMP|
False,|B-PER|,|O|,|DR.|,|DR.|
False,|I-PER|,|O|,|KONCZ|,|KONCZ|
False,|B-ORG|,|O|,|ZSÓFIA|,|ZSÓFIA|
False,|B-PER|,|B-ORG|,|Országgyűlés|,|Országgyűlés|
False,|O|,|B-ORG|,|Képviselő|,|Képviselő|
False,|B-PER|,|I-ORG|,|Úr|,|Úr|
False,|B-ORG|,|B-LOC|,|Magyarország|,|Magyarország|
False,|B-ORG|,|B-LOC|,|Magyarország|,|Magyarország|
False,|B-PER|,|O|,|Kanász-Nagy|,|Kanász-Nagy|
False,|I-PER|,|O|,|Máté|,|Máté|
False,|B-ORG|,|O|,|LMP|,|LMP|
False,|B-ORG|,|O|,|ELTE|,|ELTE|
False,|B-PER|,|O|,|Taps|,|Taps|
False,|B-MISC|,|O|,|Párbeszéd|,|Párbeszéd|
False,|B-PER|,|O|,|DR.|,|DR.|
False,|I-PER|,|O|,|KONCZ|,|KONCZ|
False,|B-ORG|,|O|,|ZSÓFIA|,|ZSÓFIA|
False,|B-PER|,|O|,|Dr.|,|Dr.|
False,|I-PER|,|B-PER|,|Orbán|,|Orbán|
False,|B-MISC|,|O|,|Nagyívű|,|Nagyívű|
False,|I-MISC|,|O|,"|,|","|,|"
False,|I-MISC|,|O|,|nagyívű|,|nagyívű|
False,|I-MISC|,|O|,|!|,|!|
False,|B-PER|,|B-ORG|,|Országgyűlés|,|Országgyűlés|
False,|B-PER|,|O|,|HALÁSZ|,|HALÁSZ|
False,|I-PER|,|O|,|JÁNOS|,|JÁNOS|
False,|B-PER|,|O|,|HALÁSZ|,|HALÁSZ|
False,|I-PER|,|O|,|JÁNOS|,|JÁNOS|
False,|O|,|B-ORG|,|Elnök|,|Elnök|
False,|B-PER|,|I-ORG|,|Úr|,|Úr|
False,|B-PER|,|B-ORG|,|Ház|,|Ház|
False,|B-PER|,|B-ORG|,|Államtitkár|,|Államtitkár|
False,|I-PER|,|I-ORG|,|Úr|,|Úr|
False,|B-ORG|,|O|,|Fidesz-KDNP-kormánynak|,|Fidesz-KDNP-kormánynak|
False,|B-ORG|,|O|,|Országgyűlésbe|,|Országgyűlésbe|
False,|B-PER|,|O|,|Hangsúlyozom|,|Hangsúlyozom|
False,|B-PER|,|O|,|Gyurcsány|,|Gyurcsány|
False,|B-ORG|,|O|,|DK|,|DK|
False,|B-ORG|,|O|,|LMP|,|LMP|
False,|B-PER|,|O|,|DR.|,|DR.|
False,|I-PER|,|O|,|RÉPÁSSY|,|RÉPÁSSY|
False,|I-PER|,|O|,|RÓBERT|,|RÓBERT|
False,|O|,|B-ORG|,|Képviselő|,|Képviselő|
False,|B-PER|,|I-ORG|,|Úr|,|Úr|
False,|B-ORG|,|O|,|Országgyűlésben|,|Országgyűlésben|
False,|B-PER|,|O|,|Dr.|,|Dr.|
False,|I-PER|,|B-PER|,|Lukács|,|Lukács|
False,|B-PER|,|O|,|Dr.|,|Dr.|
False,|I-PER|,|B-PER|,|Brenner|,|Brenner|
False,|O|,|B-ORG|,|Képviselő|,|Képviselő|
False,|B-PER|,|I-ORG|,|Úr|,|Úr|
False,|B-PER|,|O|,|HALÁSZ|,|HALÁSZ|
False,|I-PER|,|O|,|JÁNOS|,|JÁNOS|
False,|O|,|B-ORG|,|Elnök|,|Elnök|
False,|B-PER|,|I-ORG|,|Úr|,|Úr|
False,|B-PER|,|B-ORG|,|Ház|,|Ház|
False,|B-PER|,|B-ORG|,|Államtitkár|,|Államtitkár|
False,|I-PER|,|I-ORG|,|Úr|,|Úr|
False,|B-ORG|,|O|,|Jobbik|,|Jobbik|
False,|B-PER|,|O|,|Dr.|,|Dr.|
False,|I-PER|,|B-PER|,|Lukács|,|Lukács|
False,|B-PER|,|O|,|Orbán|,|Orbán|
False,|B-PER|,|O|,|Gyurcsányék|,|Gyurcsányék|
False,|B-PER|,|O|,|Dr.|,|Dr.|
False,|I-PER|,|B-PER|,|Lukács|,|Lukács|
False,|B-PER|,|O|,|Volnerrel|,|Volnerrel|
False,|B-ORG|,|O|,|KDNP|,|KDNP|
False,|B-PER|,|O|,|Dr.|,|Dr.|
False,|I-PER|,|B-PER|,|Brenner|,|Brenner|
False,|B-PER|,|O|,|Taps|,|Taps|
False,|B-PER|,|O|,|Répássy|,|Répássy|
False,|B-PER|,|O|,|DR.|,|DR.|
False,|I-PER|,|O|,|RÉPÁSSY|,|RÉPÁSSY|
False,|I-PER|,|O|,|RÓBERT|,|RÓBERT|
False,|B-PER|,|O|,|Háznak|,|Háznak|
False,|B-MISC|,|B-ORG|,|Magyar|,|Magyar|
False,|I-MISC|,|I-ORG|,|Közlöny|,|Közlöny|
False,|B-MISC|,|B-ORG|,|Hivatalos|,|Hivatalos|
False,|I-MISC|,|I-ORG|,|Értesítőben|,|Értesítőben|
False,|B-ORG|,|O|,|Országgyűlésbe|,|Országgyűlésbe|
False,|B-ORG|,|O|,|Jobbik|,|Jobbik|
False,|B-ORG|,|O|,|LMP-nek|,|LMP-nek|
False,|B-ORG|,|O|,|Párbeszéd|,|Párbeszéd|
False,|B-ORG|,|O|,|Momentum|,|Momentum|
False,|O|,|B-ORG|,|Országgyűlés|,|Országgyűlés|
False,|B-ORG|,|O|,|KDNP|,|KDNP|
False,|B-MISC|,|O|,|Veszélyben|,|Veszélyben|
False,|I-MISC|,|O|,|van|,|van|
False,|I-MISC|,|O|,|a|,|a|
False,|I-MISC|,|O|,|rezsicsökkentés|,|rezsicsökkentés|
False,|I-MISC|,|O|,|?|,|?|
False,|B-ORG|,|O|,|DR.|,|DR.|
False,|I-ORG|,|O|,|VEJKEY|,|VEJKEY|
False,|I-ORG|,|O|,|IMRE|,|IMRE|
False,|B-ORG|,|O|,|KDNP|,|KDNP|
False,|B-ORG|,|O|,|DR.|,|DR.|
False,|I-ORG|,|O|,|VEJKEY|,|VEJKEY|
False,|I-ORG|,|O|,|IMRE|,|IMRE|
False,|B-ORG|,|O|,|KDNP|,|KDNP|
False,|O|,|B-ORG|,|Államtitkár|,|Államtitkár|
False,|O|,|I-ORG|,|Asszony|,|Asszony|
False,|B-ORG|,|B-LOC|,|Oroszország|,|Oroszország|
False,|B-ORG|,|B-LOC|,|Magyarországot|,|Magyarországot|
False,|O|,|B-ORG|,|Magyar|,|Magyar|
False,|O|,|I-ORG|,|kormány|,|kormány|
False,|B-ORG|,|O|,|Brüsszelnek|,|Brüsszelnek|
False,|B-LOC|,|O|,|Brüsszel|,|Brüsszel|
False,|B-LOC|,|O|,|Brüsszel|,|Brüsszel|
False,|O|,|B-ORG|,|Országgyűlés|,|Országgyűlés|
False,|B-PER|,|O|,|DR.|,|DR.|
False,|I-PER|,|O|,|KONCZ|,|KONCZ|
False,|I-PER|,|O|,|ZSÓFIA|,|ZSÓFIA|
False,|B-PER|,|B-ORG|,|Országgyűlés|,|Országgyűlés|
False,|O|,|B-ORG|,|Képviselő|,|Képviselő|
False,|B-PER|,|I-ORG|,|Úr|,|Úr|
False,|B-ORG|,|B-LOC|,|Magyarországnak|,|Magyarországnak|
False,|B-ORG|,|B-LOC|,|Európának|,|Európának|
False,|B-ORG|,|O|,|DR.|,|DR.|
False,|I-ORG|,|O|,|VEJKEY|,|VEJKEY|
False,|I-ORG|,|O|,|IMRE|,|IMRE|
False,|B-ORG|,|O|,|KDNP|,|KDNP|
False,|O|,|B-PER|,|Államtitkár|,|Államtitkár|
False,|O|,|I-PER|,|Asszony|,|Asszony|
False,|B-LOC|,|O|,|Brüsszel|,|Brüsszel|
False,|B-PER|,|B-ORG|,|Országgyűlés|,|Országgyűlés|
False,|B-PER|,|O|,|DR.|,|DR.|
False,|I-PER|,|O|,|KONCZ|,|KONCZ|
False,|I-PER|,|O|,|ZSÓFIA|,|ZSÓFIA|
False,|B-ORG|,|B-LOC|,|Magyarország|,|Magyarország|
False,|B-PER|,|B-ORG|,|Országgyűlés|,|Országgyűlés|
False,|B-ORG|,|O|,|DK|,|DK|
False,|B-MISC|,|B-PER|,|Miniszter|,|Miniszter|
False,|I-MISC|,|I-PER|,|Úr|,|Úr|
False,|I-MISC|,|O|,|?|,|?|
False,|B-PER|,|O|,|SEBIÁN-PETROVSZKI|,|SEBIÁN-PETROVSZKI|
False,|I-PER|,|O|,|LÁSZLÓ|,|LÁSZLÓ|
False,|B-ORG|,|O|,|DK|,|DK|
False,|B-PER|,|O|,|SEBIÁN-PETROVSZKI|,|SEBIÁN-PETROVSZKI|
False,|I-PER|,|O|,|LÁSZLÓ|,|LÁSZLÓ|
False,|B-ORG|,|O|,|DK|,|DK|
False,|B-PER|,|O|,|Államtitkár|,|Államtitkár|
False,|B-PER|,|O|,|Államtitkár|,|Államtitkár|
False,|B-MISC|,|O|,|Rezsivédelmi|,|Rezsivédelmi|
False,|B-ORG|,|O|,|Kormányinfón|,|Kormányinfón|
False,|B-PER|,|O|,|Államtitkár|,|Államtitkár|
False,|B-ORG|,|O|,|Rezsivédelmi|,|Rezsivédelmi|
False,|I-ORG|,|O|,|és|,|és|
False,|I-ORG|,|O|,|a|,|a|
False,|I-ORG|,|B-ORG|,|Honvédelmi|,|Honvédelmi|
False,|B-ORG|,|O|,|DK|,|DK|
False,|B-PER|,|B-ORG|,|Országgyűlés|,|Országgyűlés|
False,|B-PER|,|O|,|FÓNAGY|,|FÓNAGY|
False,|I-PER|,|O|,|JÁNOS|,|JÁNOS|
False,|B-PER|,|B-ORG|,|Ház|,|Ház|
False,|O|,|B-ORG|,|Képviselő|,|Képviselő|
False,|B-PER|,|I-ORG|,|Úr|,|Úr|
False,|B-MISC|,|O|,|Kinek|,|Kinek|
False,|I-MISC|,|O|,|a|,|a|
False,|I-MISC|,|O|,|családját|,|családját|
False,|B-ORG|,|O|,|Rezsivédelmi|,|Rezsivédelmi|
False,|I-ORG|,|O|,|és|,|és|
False,|I-ORG|,|B-ORG|,|Honvédelmi|,|Honvédelmi|
False,|B-MISC|,|O|,|Kaszinók|,|Kaszinók|
False,|I-MISC|,|O|,|?|,|?|
False,|B-PER|,|O|,|SEBIÁN-PETROVSZKI|,|SEBIÁN-PETROVSZKI|
False,|I-PER|,|O|,|LÁSZLÓ|,|LÁSZLÓ|
False,|B-ORG|,|O|,|DK|,|DK|
False,|B-PER|,|O|,|Mészáros|,|Mészáros|
False,|B-PER|,|O|,|Orbán|,|Orbán|
False,|B-PER|,|O|,|Államtitkár|,|Államtitkár|
False,|I-PER|,|O|,|Úr|,|Úr|
False,|B-PER|,|O|,|Taps|,|Taps|
False,|B-ORG|,|O|,|DK|,|DK|
False,|B-PER|,|B-ORG|,|Országgyűlés|,|Országgyűlés|
False,|B-PER|,|O|,|Államtitkár|,|Államtitkár|
False,|B-PER|,|O|,|Dr.|,|Dr.|
False,|I-PER|,|B-PER|,|Fónagy|,|Fónagy|
False,|B-PER|,|O|,|FÓNAGY|,|FÓNAGY|
False,|I-PER|,|O|,|JÁNOS|,|JÁNOS|
False,|B-PER|,|O|,|Úr|,|Úr|
False,|B-ORG|,|O|,|MOL-nak|,|MOL-nak|
False,|B-PER|,|B-ORG|,|Országgyűlés|,|Országgyűlés|
False,|B-ORG|,|O|,|DK|,|DK|
False,|B-ORG|,|O|,|DR.|,|DR.|
False,|I-ORG|,|O|,|KOMÁROMI|,|KOMÁROMI|
False,|I-ORG|,|O|,|ZOLTÁN|,|ZOLTÁN|
False,|B-ORG|,|O|,|DK|,|DK|
False,|O|,|B-PER|,|Elnök|,|Elnök|
False,|B-PER|,|I-PER|,|Úr|,|Úr|
False,|B-PER|,|B-ORG|,|Államtitkár|,|Államtitkár|
False,|I-PER|,|I-ORG|,|Úr|,|Úr|
False,|B-PER|,|B-ORG|,|Országgyűlés|,|Országgyűlés|
False,|B-PER|,|O|,|Államtitkár|,|Államtitkár|
False,|B-ORG|,|O|,|Taps|,|Taps|
False,|B-ORG|,|O|,|DK|,|DK|
False,|B-PER|,|B-ORG|,|Országgyűlés|,|Országgyűlés|
False,|B-PER|,|O|,|Rétvári|,|Rétvári|
False,|I-PER|,|O|,|Bence|,|Bence|
False,|B-PER|,|O|,|RÉTVÁRI|,|RÉTVÁRI|
False,|I-PER|,|O|,|BENCE|,|BENCE|
False,|B-PER|,|B-ORG|,|Országgyűlés|,|Országgyűlés|
False,|B-ORG|,|O|,|Jobbik|,|Jobbik|
False,|B-PER|,|O|,|DR.|,|DR.|
False,|I-PER|,|O|,|BRENNER|,|BRENNER|
False,|I-PER|,|O|,|KOLOMAN|,|KOLOMAN|
False,|B-ORG|,|O|,|Jobbik|,|Jobbik|
False,|O|,|B-ORG|,|Elnök|,|Elnök|
False,|B-PER|,|I-ORG|,|Úr|,|Úr|
False,|O|,|B-ORG|,|Államtitkár|,|Államtitkár|
False,|O|,|I-ORG|,|Asszony|,|Asszony|
False,|B-LOC|,|O|,|Kisalföldön|,|Kisalföldön|
False,|B-LOC|,|O|,|Kárpát-medencében|,|Kárpát-medencében|
False,|B-ORG|,|O|,|Jobbik|,|Jobbik|
False,|B-MISC|,|O|,|Paks|,|Paks|
False,|I-MISC|,|O|,|II.-t|,|II.-t|
False,|B-ORG|,|O|,|Jobbik|,|Jobbik|
False,|B-PER|,|B-ORG|,|Országgyűlés|,|Országgyűlés|
False,|B-PER|,|O|,|DR.|,|DR.|
False,|I-PER|,|O|,|KONCZ|,|KONCZ|
False,|I-PER|,|O|,|ZSÓFIA|,|ZSÓFIA|
False,|O|,|B-ORG|,|Elnök|,|Elnök|
False,|B-PER|,|I-ORG|,|Úr|,|Úr|
False,|B-PER|,|B-ORG|,|Országgyűlés|,|Országgyűlés|
False,|O|,|B-ORG|,|Képviselő|,|Képviselő|
False,|B-PER|,|I-ORG|,|Úr|,|Úr|
False,|B-LOC|,|O|,|Ukrajnán|,|Ukrajnán|
False,|B-PER|,|B-ORG|,|Országgyűlés|,|Országgyűlés|
False,|B-PER|,|O|,|KOMJÁTHI|,|KOMJÁTHI|
False,|I-PER|,|O|,|IMRE|,|IMRE|
False,|B-PER|,|B-ORG|,|Államtitkár|,|Államtitkár|
False,|I-PER|,|I-ORG|,|Úr|,|Úr|
False,|B-MISC|,|O|,|Egy|,|Egy|
False,|I-MISC|,|O|,|magyar|,|magyar|
False,|I-MISC|,|O|,|édesanya|,|édesanya|
False,|B-MISC|,|B-ORG|,|Normixra|,|Normixra|
False,|B-ORG|,|O|,|Normix|,|Normix|
False,|O|,|B-ORG|,|Országgyűlés|,|Országgyűlés|
False,|B-PER|,|O|,|Rétvári|,|Rétvári|
False,|I-PER|,|O|,|Bence|,|Bence|
False,|B-PER|,|O|,|Parancsoljon|,|Parancsoljon|
False,|B-PER|,|O|,|RÉTVÁRI|,|RÉTVÁRI|
False,|I-PER|,|O|,|BENCE|,|BENCE|
False,|O|,|B-ORG|,|Képviselő|,|Képviselő|
False,|O|,|I-ORG|,|Úr|,|Úr|
False,|B-PER|,|B-ORG|,|Ház|,|Ház|
False,|B-ORG|,|O|,|Normix|,|Normix|
False,|B-ORG|,|O|,|NEAK|,|NEAK|
False,|B-ORG|,|O|,|NEAK|,|NEAK|
False,|B-ORG|,|O|,|NEAK|,|NEAK|
False,|B-ORG|,|O|,|NEAK|,|NEAK|
False,|B-MISC|,|O|,|NEAK-os|,|NEAK-os|
False,|B-PER|,|B-ORG|,|Országgyűlés|,|Országgyűlés|
False,|O|,|B-PER|,|Mi|,|Mi|
False,|B-PER|,|I-PER|,|Hazánk|,|Hazánk|
False,|B-PER|,|B-ORG|,|Államtitkár|,|Államtitkár|
False,|I-PER|,|I-ORG|,|Úr|,|Úr|
False,|B-ORG|,|B-LOC|,|Magyarország|,|Magyarország|
False,|B-LOC|,|B-ORG|,|Mi|,|Mi|
False,|I-LOC|,|I-ORG|,|Hazánk|,|Hazánk|
False,|B-ORG|,|B-LOC|,|Ukrajna|,|Ukrajna|
False,|B-PER|,|O|,|Taps|,|Taps|
False,|B-PER|,|B-ORG|,|Országgyűlés|,|Országgyűlés|
False,|B-PER|,|O|,|VARGHA|,|VARGHA|
False,|I-PER|,|O|,|TAMÁS|,|TAMÁS|
False,|O|,|B-ORG|,|Elnök|,|Elnök|
False,|B-PER|,|I-ORG|,|Úr|,|Úr|
False,|B-PER|,|B-ORG|,|Országgyűlés|,|Országgyűlés|
False,|O|,|B-ORG|,|Képviselő|,|Képviselő|
False,|B-PER|,|I-ORG|,|Úr|,|Úr|
False,|B-ORG|,|O|,|Országgyűlésben|,|Országgyűlésben|
False,|B-ORG|,|B-LOC|,|Magyarország|,|Magyarország|
False,|B-LOC|,|O|,|Ukrajnába|,|Ukrajnába|
False,|B-ORG|,|B-LOC|,|Oroszország|,|Oroszország|
False,|O|,|B-ORG|,|Házban|,|Házban|
False,|B-ORG|,|B-LOC|,|Magyarországnak|,|Magyarországnak|
False,|B-ORG|,|B-LOC|,|Magyarország|,|Magyarország|
False,|B-PER|,|B-ORG|,|Országgyűlés|,|Országgyűlés|
False,|B-ORG|,|O|,|Párbeszéd|,|Párbeszéd|
False,|B-MISC|,|O|,|Párbeszéd|,|Párbeszéd|
False,|B-PER|,|B-ORG|,|Államtitkár|,|Államtitkár|
False,|I-PER|,|I-ORG|,|Úr|,|Úr|
False,|B-ORG|,|B-LOC|,|Ukrajna|,|Ukrajna|
False,|O|,|B-ORG|,|Országgyűlés|,|Országgyűlés|
False,|B-PER|,|O|,|Miniszterhelyettes|,|Miniszterhelyettes|
False,|I-PER|,|O|,|Úr|,|Úr|
False,|B-PER|,|O|,|FARKAS|,|FARKAS|
False,|I-PER|,|O|,|SÁNDOR|,|SÁNDOR|
False,|O|,|B-ORG|,|Elnök|,|Elnök|
False,|B-PER|,|I-ORG|,|Úr|,|Úr|
False,|O|,|B-ORG|,|Képviselő|,|Képviselő|
False,|O|,|I-ORG|,|Asszony|,|Asszony|
False,|B-PER|,|B-ORG|,|Országgyűlés|,|Országgyűlés|
False,|B-ORG|,|O|,|BAKOS|,|BAKOS|
False,|I-ORG|,|O|,|BERNADETT|,|BERNADETT|
False,|B-ORG|,|O|,|LMP|,|LMP|
False,|B-PER|,|B-ORG|,|Ház|,|Ház|
False,|O|,|B-ORG|,|Államtitkár|,|Államtitkár|
False,|O|,|I-ORG|,|Asszony|,|Asszony|
False,|B-ORG|,|O|,|LMP|,|LMP|
False,|B-MISC|,|O|,|Fenntartható|,|Fenntartható|
False,|I-MISC|,|O|,|fejlődés|,|fejlődés|
False,|I-MISC|,|O|,|bizottságában|,|bizottságában|
False,|I-MISC|,|O|,|vita|,|vita|
False,|O|,|B-ORG|,|Államtitkár|,|Államtitkár|
False,|O|,|I-ORG|,|Asszony|,|Asszony|
False,|B-PER|,|B-ORG|,|Országgyűlés|,|Országgyűlés|
False,|B-PER|,|O|,|DR.|,|DR.|
False,|I-PER|,|O|,|KONCZ|,|KONCZ|
False,|I-PER|,|O|,|ZSÓFIA|,|ZSÓFIA|
False,|B-PER|,|B-ORG|,|Országgyűlés|,|Országgyűlés|
False,|O|,|B-ORG|,|Képviselő|,|Képviselő|
False,|O|,|I-ORG|,|Asszony|,|Asszony|
False,|B-MISC|,|O|,|Fenntartható|,|Fenntartható|
False,|I-MISC|,|O|,|fejlődés|,|fejlődés|
False,|I-MISC|,|O|,|bizottsága|,|bizottsága|
False,|B-ORG|,|B-LOC|,|Magyarország|,|Magyarország|
False,|B-PER|,|B-ORG|,|Országgyűlés|,|Országgyűlés|
False,|B-PER|,|O|,|Dunai|,|Dunai|
False,|I-PER|,|O|,|Mónika|,|Mónika|
False,|B-MISC|,|O|,|KRESZ|,|KRESZ|
False,|B-ORG|,|O|,|DUNAI|,|DUNAI|
False,|I-ORG|,|O|,|MÓNIKA|,|MÓNIKA|
False,|O|,|B-ORG|,|Elnök|,|Elnök|
False,|B-PER|,|I-ORG|,|Úr|,|Úr|
False,|O|,|B-ORG|,|Államtitkár|,|Államtitkár|
False,|O|,|I-ORG|,|Asszony|,|Asszony|
False,|B-MISC|,|O|,|KRESZ-ben|,|KRESZ-ben|
False,|B-MISC|,|O|,|KRESZ|,|KRESZ|
False,|O|,|B-ORG|,|Országgyűlés|,|Országgyűlés|
False,|B-PER|,|O|,|DR.|,|DR.|
False,|I-PER|,|O|,|KONCZ|,|KONCZ|
False,|I-PER|,|O|,|ZSÓFIA|,|ZSÓFIA|
False,|O|,|B-ORG|,|Elnök|,|Elnök|
False,|B-PER|,|I-ORG|,|Úr|,|Úr|
False,|B-PER|,|B-ORG|,|Országgyűlés|,|Országgyűlés|
False,|O|,|B-ORG|,|Képviselő|,|Képviselő|
False,|O|,|I-ORG|,|Asszony|,|Asszony|
False,|B-MISC|,|O|,|KRESZ|,|KRESZ|
False,|B-MISC|,|O|,|KRESZ|,|KRESZ|
False,|B-PER|,|B-ORG|,|Országgyűlés|,|Országgyűlés|
False,|B-ORG|,|O|,|KDNP|,|KDNP|
False,|B-ORG|,|O|,|Miniszterelnökséget|,|Miniszterelnökséget|
False,|B-ORG|,|O|,|DR.|,|DR.|
False,|I-ORG|,|O|,|VEJKEY|,|VEJKEY|
False,|I-ORG|,|O|,|IMRE|,|IMRE|
False,|B-ORG|,|O|,|KDNP|,|KDNP|
False,|B-PER|,|B-ORG|,|Államtitkár|,|Államtitkár|
False,|I-PER|,|I-ORG|,|Úr|,|Úr|
False,|B-PER|,|B-ORG|,|Államtitkár|,|Államtitkár|
False,|I-PER|,|I-ORG|,|Úr|,|Úr|
False,|O|,|B-ORG|,|Országgyűlés|,|Országgyűlés|
False,|B-MISC|,|O|,|SOLTÉSZ|,|SOLTÉSZ|
False,|I-MISC|,|O|,|MIKLÓS|,|MIKLÓS|
False,|B-PER|,|B-ORG|,|Országgyűlés|,|Országgyűlés|
False,|O|,|B-ORG|,|Képviselő|,|Képviselő|
False,|B-PER|,|I-ORG|,|Úr|,|Úr|
False,|B-ORG|,|O|,|DK-nál|,|DK-nál|
False,|B-PER|,|B-ORG|,|Országgyűlés|,|Országgyűlés|
False,|B-ORG|,|O|,|DK|,|DK|
False,|B-ORG|,|O|,|HEGEDÜS|,|HEGEDÜS|
False,|I-ORG|,|O|,|ANDREA|,|ANDREA|
False,|B-ORG|,|O|,|DK|,|DK|
False,|O|,|B-ORG|,|Elnök|,|Elnök|
False,|B-PER|,|I-ORG|,|Úr|,|Úr|
False,|B-PER|,|B-ORG|,|Ház|,|Ház|
False,|B-ORG|,|O|,|Pedagógusok|,|Pedagógusok|
False,|I-ORG|,|O|,|Szakszervezetének|,|Szakszervezetének|
False,|B-PER|,|O|,|Államtitkár|,|Államtitkár|
False,|B-ORG|,|O|,|Jobbik|,|Jobbik|
False,|O|,|B-ORG|,|Országgyűlés|,|Országgyűlés|
False,|B-PER|,|O|,|Rétvári|,|Rétvári|
False,|I-PER|,|O|,|Bence|,|Bence|
False,|B-PER|,|O|,|RÉTVÁRI|,|RÉTVÁRI|
False,|I-PER|,|O|,|BENCE|,|BENCE|
False,|O|,|B-ORG|,|Képviselő|,|Képviselő|
False,|O|,|I-ORG|,|Asszony|,|Asszony|
False,|B-PER|,|B-ORG|,|Ház|,|Ház|
False,|B-PER|,|B-ORG|,|Maruzsa|,|Maruzsa|
False,|B-PER|,|B-ORG|,|Országgyűlés|,|Országgyűlés|
False,|B-PER|,|O|,|OVÁDI|,|OVÁDI|
False,|I-PER|,|O|,|PÉTER|,|PÉTER|
False,|O|,|B-ORG|,|Elnök|,|Elnök|
False,|B-PER|,|I-ORG|,|Úr|,|Úr|
False,|O|,|B-ORG|,|Államtitkár|,|Államtitkár|
False,|O|,|I-ORG|,|Asszony|,|Asszony|
False,|B-MISC|,|O|,|Az|,|Az|
False,|I-MISC|,|O|,|ott|,|ott|
False,|I-MISC|,|O|,|folyó|,|folyó|
False,|I-MISC|,|O|,|nemzetközi|,|nemzetközi|
False,|I-MISC|,|O|,|ismertségű|,|ismertségű|
False,|O|,|B-ORG|,|Országgyűlés|,|Országgyűlés|
False,|B-PER|,|O|,|Államtitkár|,|Államtitkár|
False,|B-PER|,|O|,|VITÁLYOS|,|VITÁLYOS|
False,|I-PER|,|O|,|ESZTER|,|ESZTER|
False,|B-PER|,|B-ORG|,|Képviselő|,|Képviselő|
False,|I-PER|,|I-ORG|,|Úr|,|Úr|
False,|B-PER|,|B-ORG|,|Képviselő|,|Képviselő|
False,|I-PER|,|I-ORG|,|Úr|,|Úr|
False,|B-PER|,|B-ORG|,|Országgyűlés|,|Országgyűlés|
False,|B-PER|,|O|,|Napirend|,|Napirend|
False,|B-MISC|,|O|,|Választókerületi|,|Választókerületi|
False,|I-MISC|,|O|,|ügyek|,|ügyek|
False,|B-PER|,|O|,|TUZSON|,|TUZSON|
False,|I-PER|,|O|,|BENCE|,|BENCE|
False,|O|,|B-ORG|,|Országgyűlés|,|Országgyűlés|
False,|B-LOC|,|O|,|Dunakeszi|,|Dunakeszi|
False,|B-LOC|,|O|,|Fót|,|Fót|
False,|B-ORG|,|O|,|M2-est|,|M2-est|
False,|B-ORG|,|O|,|M3-assal|,|M3-assal|
False,|B-LOC|,|O|,|Dunakeszi|,|Dunakeszi|
False,|B-ORG|,|B-PER|,|Krisztus|,|Krisztus|
False,|I-ORG|,|I-PER|,|Király|,|Király|
False,|I-ORG|,|I-PER|,|Iskola|,|Iskola|
False,|B-LOC|,|O|,|Dunakeszi|,|Dunakeszi|
False,|B-LOC|,|O|,|Göd|,|Göd|
False,|B-LOC|,|O|,|Gödön|,|Gödön|
False,|B-LOC|,|B-ORG|,|Huzella|,|Huzella|
False,|I-LOC|,|I-ORG|,|Kert|,|Kert|
False,|B-PER|,|O|,|Huzella|,|Huzella|
False,|B-PER|,|O|,|Huzella|,|Huzella|
False,|B-ORG|,|O|,|Füvészkerthez|,|Füvészkerthez|
False,|B-MISC|,|B-PER|,|Huzella|,|Huzella|
False,|I-MISC|,|I-PER|,|Kertet|,|Kertet|
False,|B-ORG|,|O|,|Füvészkert|,|Füvészkert|
False,|B-LOC|,|O|,|Göd|,|Göd|
False,|B-LOC|,|O|,|Gödön|,|Gödön|
False,|B-LOC|,|O|,|Dunakanyar|,|Dunakanyar|
False,|B-MISC|,|B-ORG|,|Országgyűlés|,|Országgyűlés|
False,|B-PER|,|O|,|Napirend|,|Napirend|
False,|B-MISC|,|O|,|Mi|,|Mi|
False,|I-MISC|,|O|,|történik|,|történik|
False,|I-MISC|,|B-LOC|,|Újpesten|,|Újpesten|
False,|I-MISC|,|O|,|?|,|?|
False,|B-PER|,|O|,|VARJU|,|VARJU|
False,|I-PER|,|O|,|LÁSZLÓ|,|LÁSZLÓ|
False,|B-ORG|,|O|,|DK|,|DK|
False,|B-PER|,|B-ORG|,|Ház|,|Ház|
False,|B-LOC|,|O|,|Újpesten|,|Újpesten|
False,|B-LOC|,|O|,|XIII.|,|XIII.|
False,|I-LOC|,|O|,|kerületben|,|kerületben|
False,|B-LOC|,|B-ORG|,|Országház|,|Országház|
False,|B-LOC|,|O|,|Újpesten|,|Újpesten|
False,|B-MISC|,|O|,|Nyárindító|,|Nyárindító|
False,|I-MISC|,|O|,|plusz|,|plusz|
False,|I-MISC|,|O|,|jutalom|,|jutalom|
False,|B-MISC|,|O|,|Itt|,|Itt|
False,|I-MISC|,|O|,|a|,|a|
False,|I-MISC|,|O|,|városvezetés|,|városvezetés|
False,|I-MISC|,|O|,|által|,|által|
False,|I-MISC|,|O|,|megálmodott|,|megálmodott|
False,|B-LOC|,|O|,|Balaton-partról|,|Balaton-partról|
False,|B-LOC|,|B-ORG|,|Újpesten|,|Újpesten|
False,|B-MISC|,|O|,|Egészséges|,|Egészséges|
False,|I-MISC|,|B-LOC|,|Budapest|,|Budapest|
False,|B-MISC|,|O|,|Nyárindító|,|Nyárindító|
False,|I-MISC|,|O|,|plusz|,|plusz|
False,|I-MISC|,|O|,|jutalom|,|jutalom|
False,|B-MISC|,|B-ORG|,|Országgyűlés|,|Országgyűlés|
False,|B-PER|,|O|,|Napirend|,|Napirend|
False,|I-PER|,|O|,|utáni|,|utáni|
False,|O|,|B-LOC|,|Miskolc|,|Miskolc|
False,|B-ORG|,|O|,|HEGEDÜS|,|HEGEDÜS|
False,|I-ORG|,|O|,|ANDREA|,|ANDREA|
False,|B-ORG|,|O|,|DK|,|DK|
False,|O|,|B-PER|,|Elnök|,|Elnök|
False,|B-PER|,|I-PER|,|Úr|,|Úr|
False,|B-PER|,|B-ORG|,|Ház|,|Ház|
False,|B-LOC|,|O|,|Kánaánt|,|Kánaánt|
False,|B-ORG|,|O|,|Miskolcnak|,|Miskolcnak|
False,|B-MISC|,|B-PER|,|Zöld|,|Zöld|
False,|I-MISC|,|I-PER|,|Nyíl|,|Nyíl|
False,|B-PER|,|O|,|Csöbör|,|Csöbör|
False,|B-PER|,|O|,|Hubay|,|Hubay|
False,|O|,|B-LOC|,|Miskolc|,|Miskolc|
False,|B-MISC|,|B-ORG|,|Országgyűlés|,|Országgyűlés|
False,|B-PER|,|O|,|BENCZE|,|BENCZE|
False,|I-PER|,|O|,|JÁNOS|,|JÁNOS|
False,|B-ORG|,|O|,|Jobbik|,|Jobbik|
False,|O|,|B-PER|,|Elnök|,|Elnök|
False,|B-PER|,|I-PER|,|Úr|,|Úr|
False,|B-PER|,|O|,|Taps|,|Taps|
False,|B-ORG|,|O|,|DK|,|DK|
False,|O|,|B-ORG|,|Országgyűlés|,|Országgyűlés|
False,|I-LOC|,|O|,|tér|,|tér|
False,|B-MISC|,|O|,|Virtuális|,|Virtuális|
False,|I-MISC|,|O|,|Parlamenti|,|Parlamenti|
False,|I-MISC|,|O|,|séta|,|séta|
False,|B-MISC|,|O|,|Idegenforgalom|,|Idegenforgalom|
False,|I-MISC|,|O|,|:|,|:|
False,|I-MISC|,|O|,|idegenforgalom|,|idegenforgalom(kukac)parlament.hu|
False,|O|,|B-LOC|,|Országházlátogatás|,|Országházlátogatás|
False,|O|,|B-LOC|,|Weboldalunkon|,|Weboldalunkon|