huspacy ner == emagyar ner,huspacy ner name,huspacy ner value,emagyar ner name,emagyar ner value
False,|ELNÖK,ORG|,|Országgyűlés,ORG|
huspacy,|Országgyűlés,ORG|,,
True,|Szűcs Lajos,PER|,|Szűcs Lajos,PER|
True,|Hiszékeny Dezső,PER|,|Hiszékeny Dezső,PER|
False,|Országgyűlésről,ORG|,|Ház,ORG|
huspacy,|Országgyűlés,ORG|,,
huspacy,|Fidesz,ORG|,,
False,|Országgyűlés,MISC|,|Országgyűlés,ORG|
False,|Ungár Péter,PER|,|Fidesz,ORG|
huspacy,|LMP,ORG|,,
huspacy,|UNGÁR PÉTER,ORG|,,
huspacy,|LMP,ORG|,,
False,|Országgyűlés,PER|,|Országgyűlés,ORG|
False,|Magyarország,LOC|,|Ungár Péter,PER|
emagyar,,,|Országgyűlés,ORG|
emagyar,,,|Magyarország,LOC|
True,|Magyarországon,LOC|,|Magyarországon,LOC|
True,|Thomas Piketty,PER|,|Thomas Piketty,PER|
True,|Magyarország,LOC|,|Magyarország,LOC|
True,|Európai Uniótól,ORG|,|Európai Uniótól,ORG|
False,|Magyarország,ORG|,|Magyarország,LOC|
True,|Európai Unió,ORG|,|Európai Unió,ORG|
True,|Európai Uniót,ORG|,|Európai Uniót,ORG|
False,|Földért,MISC|,|Magyarország,LOC|
huspacy,|Magyarország,ORG|,,
False,|Egyesült Államokkal,ORG|,|Egyesült Államokkal,LOC|
True,|Európai Unió,ORG|,|Európai Unió,ORG|
True,|Audinak,ORG|,|Audinak,ORG|
False,|Tanács,ORG|,|Audi,ORG|
huspacy,|Rétvári Bence,PER|,,
huspacy,|Audi,ORG|,,
False,|Magyarországnak,ORG|,|Magyarországnak,LOC|
True,|Audinak,ORG|,|Audinak,ORG|
False,|Audinak,ORG|,|Háznak,ORG|
huspacy,|Háznak,ORG|,,
True,|Bundestagnak,ORG|,|Bundestagnak,ORG|
True,|Fónagy János,PER|,|Fónagy János,PER|
False,|FÓNAGY JÁNOS,PER|,|Miniszterelnöki Kabinetiroda,ORG|
huspacy,|Miniszterelnöki Kabinetiroda,ORG|,,
False,|Ház,PER|,|Ház,ORG|
False,|Úr,PER|,|Képviselő Úr,ORG|
emagyar,,,|Fidesz,ORG|
False,|Napirend,PER|,|Magyarországon,LOC|
False,|Magyarországon,LOC|,|Kunhalmi Ágnes,PER|
emagyar,,,|Kunhalmi Ágnes,PER|
True,|Kunhalmi Ágnes,PER|,|Kunhalmi Ágnes,PER|
False,|Brüsszelből,LOC|,|Magyarországon,LOC|
huspacy,|Kunhalmi Ágnes,PER|,,
huspacy,|Kunhalmi,PER|,,
huspacy,|Kunhalmi Ágnes,PER|,,
huspacy,|Magyarországon,LOC|,,
True,|EU,ORG|,|EU,ORG|
False,|Magyarország,ORG|,|Magyarország,LOC|
False,|Úr,PER|,|Képviselő Úr,ORG|
huspacy,|Ungár Péter,PER|,,
False,|Tordai Bencének,PER|,|Ungár Péter,PER|
False,|Párbeszéd,MISC|,|Országgyűlés,ORG|
False,|Országgyűlés,PER|,|Országgyűlés,ORG|
False,|Finike,LOC|,|Budapest,LOC|
emagyar,,,|Karácsony Gergely,PER|
False,|Tordai Bence,PER|,|Novák Katalin,PER|
False,|Párbeszéd,MISC|,|Európai Parlament,ORG|
False,|Párbeszéd,MISC|,|Párbeszéd,ORG|
False,|Országgyűlés,MISC|,|Ausztriában,LOC|
huspacy maradek tulajdonnev: ,,,,
Finike,LOC,,,
Budapest,LOC,,,
Karácsony Gergely,PER,,,
Derültség,LOC,,,
Novák Katalin,PER,,,
Európai Parlament,ORG,,,
Párbeszéd,MISC,,,
Párbeszéd,ORG,,,
Ausztriában,LOC,,,
Magyarországon,LOC,,,
Papamonatot,MISC,,,
Vitályos Eszter,PER,,,
VITÁLYOS ESZTER,PER,,,
Úr,PER,,,
Országgyűlés,PER,,,
Úr,PER,,,
Kulturális és Innovációs Minisztérium,ORG,,,
Magyarország,ORG,,,
Az Európai Unióban,MISC,,,
Magyarországon,LOC,,,
Magyarország Alaptörvénye,MISC,,,
Unióban,LOC,,,
GDP,MISC,,,
Úr,PER,,,
Dócs Dávid,PER,,,
Mi Hazánk,ORG,,,
DÓCS DÁVID,MISC,,,
Hazánk,ORG,,,
Úr,PER,,,
Ház,PER,,,
Belügyminiszter Úr,PER,,,
Betadine-t,PER,,,
Komplett,LOC,,,
Mi Hazánk Mozgalom,ORG,,,
A Mi Hazánk Mozgalom,ORG,,,
Mi Hazánk soraiban,MISC,,,
Rétvári Bence,PER,,,
RÉTVÁRI BENCE,PER,,,
Ház,PER,,,
Úr,PER,,,
Jobbiknak,MISC,,,
Magyar Gárda,ORG,,,
MSZP,ORG,,,
Komjáthi Imre,PER,,,
KOMJÁTHI IMRE,PER,,,
MSZP,ORG,,,
Országgyűlés,PER,,,
MSZP,ORG,,,
Orbán Viktor,PER,,,
Atyaúristen,PER,,,
Tungsram,ORG,,,
Országgyűlés,PER,,,
MSZP,ORG,,,
Mészáros,PER,,,
Garancsi,PER,,,
Szíjj,PER,,,
Tiborcz,PER,,,
Orbán Győző,PER,,,
MSZP,ORG,,,
Fidesz,ORG,,,
Taps,PER,,,
MSZP,ORG,,,
Dömötör Csaba,PER,,,
DÖMÖTÖR CSABA,PER,,,
Miniszterelnöki Kabinetiroda,ORG,,,
Magyarországon,LOC,,,
Magyarországon,LOC,,,
Kormányinfón,ORG,,,
Magyarországon,LOC,,,
Magyarországon,LOC,,,
Magyarországon,LOC,,,
Dr. Latorcai János,PER,,,
Kunhalmi Ágnes,PER,,,
Komjáthi Imre,PER,,,
Kunhalmi Ágnes,PER,,,
Kunhalmi Ágnes,PER,,,
Kunhalmi Ágnes,PER,,,
Momentum,ORG,,,
Hajnal Miklósnak,PER,,,
Momentum,ORG,,,
Országgyűlés,PER,,,
Fürjes Balázst,PER,,,
Miniszterelnökség,ORG,,,
Rétvári Bence,PER,,,
Országgyűlés,ORG,,,
Országgyűlésben,MISC,,,
Buda,LOC,,,
Hegyvidék,LOC,,,
Országgyűlés,MISC,,,
János Kórház,ORG,,,
Buda,LOC,,,
Fürjes,PER,,,
János Kórház,ORG,,,
János Kórház,LOC,,,
Országgyűlés,MISC,,,
János Kórház,ORG,,,
DK,ORG,,,
Momentum,ORG,,,
Rétvári Bence,PER,,,
RÉTVÁRI BENCE,PER,,,
Ház,PER,,,
Fürjes Balázs,PER,,,
Fürjes Balázs,PER,,,
Szabó Szabolcs,PER,,,
Fürjes Balázs,PER,,,
Momentum,ORG,,,
Fővárosi Közgyűlésbe,ORG,,,
DK-val,ORG,,,
Arató Gergely,PER,,,
Magyarországon,LOC,,,
Fővárosi Közgyűlés,ORG,,,
Budapesten,LOC,,,
Fővárosi Közgyűlés,ORG,,,
Karácsony Gergely,PER,,,
Budapesten,LOC,,,
Budapesten,LOC,,,
Egészséges Budapest,MISC,,,
Budapestre,LOC,,,
Budapestre,LOC,,,
Karácsony Gergely,PER,,,
Hagyó Miklós-i,PER,,,
Szabó Szabolcs,PER,,,
Bel-Budáról,LOC,,,
Egészséges Budapest,MISC,,,
Szent János Kórházat,ORG,,,
Észak-budai Ellátási Centrumot,ORG,,,
BKK,ORG,,,
Pokorni Zoltán,PER,,,
Karácsony Gergely,PER,,,
Fürjes Balázshoz,PER,,,
Karácsony Gergelyhez,PER,,,
Lukács László György,PER,,,
Jobbik,ORG,,,
Jobbik,ORG,,,
Úr,PER,,,
Rétvári Bence,PER,,,
Bezzeg,PER,,,
Jobbik,ORG,,,
Kezdjük,PER,,,
Magyarországon,LOC,,,
Rezsivédelmi és a Honvédelmi Alapba,ORG,,,
Európa,LOC,,,
Orbán,PER,,,
Európa-rekorder,MISC,,,
Orbán,PER,,,
Jobbiknak,ORG,,,
Taps,PER,,,
Jobbik,ORG,,,
Tállai András,PER,,,
TÁLLAI ANDRÁS,PER,,,
Országgyűlés,PER,,,
Úr,PER,,,
Horvátország,LOC,,,
Szlovénia,ORG,,,
Magyarországon,LOC,,,
Közép-Európa,LOC,,,
Lengyelországban,LOC,,,
Európa,ORG,,,
Németországban,LOC,,,
Amerikában,LOC,,,
Magyarország,LOC,,,
Magyar Szocialista Párt,ORG,,,
Jobbik,ORG,,,
Országgyűlésnek,ORG,,,
Ház,PER,,,
Arató Gergely,PER,,,
Ház,ORG,,,
DK,ORG,,,
Ház,ORG,,,
Magyarországon,LOC,,,
Orbán Viktor,PER,,,
Magyarországon,LOC,,,
Európai Unió,ORG,,,
Európai Unió,ORG,,,
Orbán Viktor,PER,,,
Orbán Viktor,PER,,,
Magyarországon,LOC,,,
Dömötör Csaba,PER,,,
DÖMÖTÖR CSABA,PER,,,
Miniszterelnöki Kabinetiroda,ORG,,,
Magyarországra,LOC,,,
Arató Gergely,PER,,,
Európai Unió,ORG,,,
Magyarországgal,ORG,,,
Magyarországnak,ORG,,,
Arató Gergely,PER,,,
A történet vége,MISC,,,
EU-nál,ORG,,,
IMF-nél,ORG,,,
Gréczy,PER,,,
Harangozó,PER,,,
Arató Gergely,PER,,,
Arató Gergely,PER,,,
Arató Gergely,PER,,,
KDNP,ORG,,,
Hollik Istvánnak,PER,,,
HOLLIK ISTVÁN,PER,,,
KDNP,ORG,,,
Ház,PER,,,
Európában,LOC,,,
Európában,LOC,,,
Brüsszelben,LOC,,,
Frans Timmermans,PER,,,
Európai Bizottság,ORG,,,
Németországban,LOC,,,
Rezsivédelmi,MISC,,,
Honvédelmi Alap,ORG,,,
Fidesz-KDNP,ORG,,,
Magyarország,ORG,,,
KDNP,ORG,,,
Magyarországnak,ORG,,,
Fidesz-KDNP-kormány,ORG,,,
Tállai András,PER,,,
TÁLLAI ANDRÁS,PER,,,
Országgyűlés,PER,,,
Úr,PER,,,
Európai Unió,ORG,,,
Európai Unióra,ORG,,,
Magyarországon,LOC,,,
A benyújtott 2023. évi költségvetés prioritásai,MISC,,,
Európában,LOC,,,
Sic,MISC,,,
Magyarország,LOC,,,
Rezsivédelmi és a Honvédelmi Alapot,ORG,,,
Európai Unióban,ORG,,,
Rezsivédelmi Alapra,ORG,,,
Bánki Erik,PER,,,
BÁNKI ERIK,PER,,,
Fidesz,ORG,,,
Európát,LOC,,,
Magyarország,ORG,,,
Magyarország,LOC,,,
Magyarország,LOC,,,
Európában,LOC,,,
Észtországban,LOC,,,
Litvánia,ORG,,,
Csehország,ORG,,,
Közép-Kelet-Európában,LOC,,,
Magyarországon,LOC,,,
Európai Unió,ORG,,,
Magyarországnak,ORG,,,
Európának,ORG,,,
Európát,LOC,,,
Magyarországot,ORG,,,
Magyarországon,LOC,,,
Amerikai Egyesült Államokban,LOC,,,
Magyarországon,LOC,,,
Csehországgal,LOC,,,
OECD,ORG,,,
Európai Bizottság,ORG,,,
OECD,ORG,,,
Európai Bizottság,ORG,,,
Magyarország,ORG,,,
Magyarország,ORG,,,
Tállai András,PER,,,
TÁLLAI ANDRÁS,PER,,,
Országgyűlés,PER,,,
Úr,PER,,,
OECD,ORG,,,
Magyarország,ORG,,,
Bánki Erik,PER,,,
Facebook,ORG,,,
Google,ORG,,,
Magyarországon,LOC,,,
Magyarország,ORG,,,
Európai Unió,ORG,,,
Istenigazából,PER,,,
Európai Unió,ORG,,,
Amerikával,ORG,,,
Kínával,ORG,,,
Európai Unió,ORG,,,
Amerika,ORG,,,
Európai Unió,ORG,,,
Európai Unió,ORG,,,
Amerika,ORG,,,
Amerika,ORG,,,
Európai Unió,ORG,,,
Európai Unió,ORG,,,
Európában,LOC,,,
Európában,LOC,,,
Európai Uniót,ORG,,,
Magyarországot,LOC,,,
Európa,LOC,,,
Európában,LOC,,,
Magyarország,LOC,,,
Országgyűlés,PER,,,
Hiszékeny Dezső,PER,,,
HISZÉKENY DEZSŐ,PER,,,
Országgyűlés,PER,,,
Tuzson Bence,PER,,,
Fidesz,ORG,,,
Keresztes László Lóránt,PER,,,
LMP,ORG,,,
Varju László,PER,,,
DK,ORG,,,
Hegedüs Andrea,PER,,,
DK,ORG,,,
Bencze János,PER,,,
Jobbik,ORG,,,
Kanász-Nagy Máté,PER,,,
LMP,ORG,,,
Berki Sándor,PER,,,
Párbeszéd,MISC,,,
Toroczkai László,PER,,,
Mi Hazánk,MISC,,,
Hiszékeny Dezső,PER,,,
MSZP,ORG,,,
Bedő Dávid,PER,,,
Momentum,PER,,,
Z. Kárpát Dániel,PER,,,
Jobbik,ORG,,,
Varga Zoltán,PER,,,
DK,ORG,,,
Szászfalvi László,PER,,,
KDNP,ORG,,,
Dunai Mónika,PER,,,
Fidesz,ORG,,,
Keresztes László Lóránt,PER,,,
LMP,ORG,,,
Z. Kárpát Dániel,PER,,,
Jobbik,ORG,,,
Varju László,PER,,,
Varju László,PER,,,
Keresztes László Lóránt,PER,,,
LMP,ORG,,,
Varju László,PER,,,
Z. Kárpát Dániel,PER,,,
Jobbik,ORG,,,
Végh Noémi,PER,,,
Jobbik,PER,,,
Varju László,PER,,,
DK.,ORG,,,
Országgyűlés,ORG,,,
Soron,LOC,,,
Országgyűlés,ORG,,,
Interparlamentáris Unió,ORG,,,
Magyar Nemzeti Csoportjának,ORG,,,
Országgyűlés,ORG,,,
Országgyűlést,MISC,,,
Ház,ORG,,,
Arató Gergely,PER,,,
DK,ORG,,,
Barkóczi Balázs,PER,,,
DK,ORG,,,
Gréczy Zsolt,PER,,,
DK,ORG,,,
Gy. Németh Erzsébet,PER,,,
DK,ORG,,,
Hegedüs Andrea,PER,,,
DK,ORG,,,
Kálmán Olga,PER,,,
DK,ORG,,,
Dr. Komáromi Zoltán,PER,,,
DK,ORG,,,
Kordás László,PER,,,
DK,ORG,,,
Dr. Oláh Lajos,PER,,,
DK,ORG,,,
Sebián-Petrovszki László,PER,,,
DK,ORG,,,
Varga Zoltán,PER,,,
DK,ORG,,,
Varju László,PER,,,
DK,ORG,,,
Ház,PER,,,
Országgyűlés,ORG,,,
Országgyűlés,ORG,,,
Országgyűlést,MISC,,,
Ház,ORG,,,
Országgyűlés,MISC,,,
Fidesz,ORG,,,
Országgyűlés,ORG,,,
Ház,ORG,,,
Fidesz,ORG,,,
Országgyűlés,ORG,,,
Ház,ORG,,,
Országgyűlés,ORG,,,
Magyarország,LOC,,,
Országgyűlés,ORG,,,
Szűcs Lajos,PER,,,
DR. SZŰCS LAJOS,PER,,,
Országgyűlés,ORG,,,
Fidesz,ORG,,,
KDNP,ORG,,,
DK,ORG,,,
Jobbik,ORG,,,
Momentum,ORG,,,
MSZP,ORG,,,
Mi Hazánk,ORG,,,
Párbeszéd,ORG,,,
LMP,ORG,,,
Európai Parlament,ORG,,,
Országgyűlés,PER,,,
T/152.,MISC,,,
Ház,ORG,,,
Ház,ORG,,,
Soron,LOC,,,
Állami Számvevőszék,ORG,,,
Országgyűlés,ORG,,,
Országgyűlés,ORG,,,
Ház,LOC,,,
Kövér László,PER,,,
dr. Szűcs Lajos,PER,,,
Hiszékeny Dezső,PER,,,
Barkóczi Balázs,PER,,,
DK,ORG,,,
Ház,PER,,,
Ház,PER,,,
Steiner Attila,PER,,,
Választókerületemben,LOC,,,
XV. kerületben,LOC,,,
Szentmihályi út,LOC,,,
Irinyi János laktanya,LOC,,,
Rétvári Bence,PER,,,
Gyurcsányt,ORG,,,
Hajdu László,PER,,,
Belügyminisztériumot,LOC,,,
Magyarországon,LOC,,,
Schanda Tamás,PER,,,
Schanda Tamást,PER,,,
DK,ORG,,,
LMP,ORG,,,
Lezsák Sándor,PER,,,
Országgyűlés,ORG,,,
Barkóczi,PER,,,
Koncz Zsófia,PER,,,
DR. KONCZ,PER,,,
ZSÓFIA,ORG,,,
Úr,PER,,,
Országgyűlés,PER,,,
Úr,PER,,,
Tisztítsuk meg az országot!,MISC,,,
Országgyűlés,ORG,,,
Szilas-patak,LOC,,,
Úr,PER,,,
Budapesten,LOC,,,
Demokratikus Koalíció,ORG,,,
Koncz Zsófia,PER,,,
Barkóczi,PER,,,
BARKÓCZI BALÁZS,ORG,,,
DK,ORG,,,
Tarnai Richárd,PER,,,
Pest Megyei Kormányhivataltól,ORG,,,
DK,ORG,,,
Lukács László György,PER,,,
Jobbik,ORG,,,
Lukács László György,PER,,,
DR. LUKÁCS LÁSZLÓ GYÖRGY,PER,,,
Jobbik,ORG,,,
Úr,PER,,,
Államtitkár Úr,PER,,,
Jobbik,ORG,,,
Taps,PER,,,
Jobbik,ORG,,,
Lukács,PER,,,
Rétvári Bence,PER,,,
RÉTVÁRI BENCE,PER,,,
Ház,PER,,,
Jobbiktól,ORG,,,
Állami Számvevőszék,ORG,,,
Torgyán József,PER,,,
Jobbikban,ORG,,,
Gyurcsány Ferenctől,PER,,,
Európában,LOC,,,
Európát,LOC,,,
Nyugat-Európában,LOC,,,
Lukács,PER,,,
DR. LUKÁCS LÁSZLÓ GYÖRGY,ORG,,,
Jobbik,ORG,,,
Államtitkár Úr,PER,,,
Rétvári Bence,PER,,,
Nemzetközi szaklapban,MISC,,,
Rétvári,PER,,,
Rétvári Bence,PER,,,
Korózs Lajos,PER,,,
Jobbik,ORG,,,
Rétvári Bence,PER,,,
Taps,PER,,,
Jobbik,ORG,,,
Országgyűlés,PER,,,
Gelencsér Ferenc,PER,,,
Momentum,ORG,,,
Budavári Önkormányzatot,ORG,,,
Széchenyi Bankban,ORG,,,
Nagy Márton,PER,,,
Fónagy János,PER,,,
Gelencsér,PER,,,
GELENCSÉR FERENC,MISC,,,
Momentum,MISC,,,
Házelnök Úr,PER,,,
Ház,PER,,,
Varga Mihály,PER,,,
dr. Nagy Gábor Tamás,PER,,,
Budapest I.,LOC,,,
Red Bull Air Race,MISC,,,
Várban,LOC,,,
Budavári Önkormányzat,ORG,,,
Széchenyi Bank Zrt.,ORG,,,
Széchenyi Bank,ORG,,,
dr. Nagy Gábor Tamást,PER,,,
Magyarország,LOC,,,
Széchenyi Bankban,ORG,,,
Budavári Önkormányzat,ORG,,,
Nemzetgazdasági Minisztérium,ORG,,,
Miniszter,PER,,,
Széchenyi Bank,ORG,,,
dr. Nagy Gábor Tamástól,PER,,,
Széchenyi Bank,ORG,,,
Széchenyi Bankot,ORG,,,
OBA,ORG,,,
OBA,ORG,,,
OBA,ORG,,,
Nagy Gábor Tamás,PER,,,
Széchenyi Bankban,ORG,,,
dr. Nagy Gábor Tamás,PER,,,
Taps,PER,,,
Momentum,ORG,,,
Gelencsér,PER,,,
Fónagy János,PER,,,
FÓNAGY JÁNOS,PER,,,
Miniszterelnöki Kabinetiroda,ORG,,,
Országgyűlés,PER,,,
Magyar Nemzeti Bank,ORG,,,
Széchenyi Kereskedelmi Bank Zrt.,ORG,,,
Széchenyi Bank,ORG,,,
Országos Betétbiztosítási Alap,ORG,,,
Országos Betétbiztosítási Alap,ORG,,,
OBA,ORG,,,
OBA,ORG,,,
Széchenyi Banknál,ORG,,,
Fónagy,PER,,,
Gelencsér,PER,,,
GELENCSÉR FERENC,PER,,,
Momentum,MISC,,,
Házelnök Úr,PER,,,
Momentum,ORG,,,
Országgyűlés,PER,,,
Szabó Sándor,PER,,,
MSZP,ORG,,,
Szabó Sándor,PER,,,
SZABÓ SÁNDOR,PER,,,
MSZP,ORG,,,
Államtitkár Úr,PER,,,
Gyakorlatilag,PER,,,
Szegeden,LOC,,,
Taps,PER,,,
MSZP,ORG,,,
Szabó,PER,,,
Tállai András,PER,,,
TÁLLAI ANDRÁS,ORG,,,
Úr,PER,,,
Országgyűlés,PER,,,
Úr,PER,,,
NAV,ORG,,,
Járvány Elleni Védekezési Alapba,ORG,,,
Szeged,ORG,,,
Szeged,LOC,,,
Szeged,ORG,,,
Szegednek,LOC,,,
Szeged,LOC,,,
Pick Aréna,LOC,,,
Szeged,LOC,,,
Szabó Sándor,PER,,,
SZABÓ SÁNDOR,PER,,,
MSZP,ORG,,,
Taps,PER,,,
DK,ORG,,,
Momentum,ORG,,,
MSZP,ORG,,,
Szabó,PER,,,
Országgyűlés,PER,,,
Novák Előd,PER,,,
Mi Hazánk,ORG,,,
Novák Előd,PER,,,
Hazánk,PER,,,
Miniszter Úr,PER,,,
Mi Hazánk Mozgalom,ORG,,,
Nemzeti Vidékstratégia 2012-2020,MISC,,,
dr. Ángyán József,PER,,,
Gelencsér Ferenc,PER,,,
A magyar vidék alkotmánya,MISC,,,
Hozzáteszem,MISC,,,
Ángyán József,PER,,,
Mi Hazánk Mozgalom,ORG,,,
Mi Hazánk soraiban,MISC,,,
Novák Előd,PER,,,
Farkas Sándor,PER,,,
FARKAS SÁNDOR,PER,,,
Úr,PER,,,
Úr,PER,,,
Elöljáróban,LOC,,,
CSOK-ot,LOC,,,
Eurostat,ORG,,,
EU-ban,LOC,,,
Európai Unióban,ORG,,,
EU-ban,LOC,,,
Magyarország Kormányának,ORG,,,
Farkas Sándor,PER,,,
Novák Előd,PER,,,
Hazánk,ORG,,,
Államtitkár,PER,,,
Nemzeti Vidékstratégia 2012-2020,MISC,,,
Mi Hazánk soraiban,MISC,,,
Novák Előd,PER,,,
Országgyűlés,PER,,,
Jámbor András Imre,PER,,,
Párbeszéd,ORG,,,
Jámbor András Imre,PER,,,
JÁMBOR ANDRÁS IMRE,PER,,,
Párbeszéd,MISC,,,
Tisztelt Miniszter Asszony!,MISC,,,
Covid,ORG,,,
Tisztelt Miniszter Asszony!,MISC,,,
Végrehajtói Kar,ORG,,,
Répássy,PER,,,
Alaptörvénybe,MISC,,,
Vane,PER,,,
Tervezie ,MISC,,,
Diákváros,ORG,,,
Végrehajtói Kamara,ORG,,,
Végrehajtói Kar,ORG,,,
Taps,PER,,,
Jámbor András,PER,,,
Varga Judit,PER,,,
DR. VARGA JUDIT,ORG,,,
Úr,PER,,,
Országgyűlés,PER,,,
Úr,PER,,,
Európában,LOC,,,
Szabályozott Tevékenységek Felügyeleti Hatóságával,ORG,,,
Varga Judit,PER,,,
Megkérdezem Jámbor András,PER,,,
JÁMBOR ANDRÁS IMRE,PER,,,
Párbeszéd,MISC,,,
Dr. Varga Judit,PER,,,
Völner-ügyre,MISC,,,
Végrehajtói Kar,ORG,,,
Jámbor András,PER,,,
Országgyűlés,ORG,,,
Csárdi Antal,PER,,,
LMP,ORG,,,
Fidesz,ORG,,,
Csárdi Antal,PER,,,
CSÁRDI ANTAL,PER,,,
LMP,ORG,,,
Államtitkár Úr,PER,,,
Országgyűlés,PER,,,
Gazdasági bizottság,ORG,,,
Magyarországon,LOC,,,
Németországban,LOC,,,
Franciaországban,LOC,,,
Dániában,LOC,,,
Ausztriában,LOC,,,
Lengyelországban,LOC,,,
Csehországban,LOC,,,
Írország,ORG,,,
Magyarországon,LOC,,,
Fidesz,ORG,,,
Miniszter Úr,PER,,,
Államtitkár Úr,PER,,,
Csárdi,PER,,,
Tállai András,PER,,,
TÁLLAI ANDRÁS,ORG,,,
Országgyűlés,PER,,,
Úr,PER,,,
Bevallom,PER,,,
Magyarország,ORG,,,
Facebook,MISC,,,
Google,ORG,,,
Magyarország,ORG,,,
Magyarország,LOC,,,
Magyarország,LOC,,,
Magyarország,ORG,,,
Magyarországon,LOC,,,
Egyesült Államokban,LOC,,,
Európai Unióban,ORG,,,
Európai Unió,ORG,,,
Kína,LOC,,,
Egyesült Államok,LOC,,,
Európában,LOC,,,
Magyarország,LOC,,,
Magyarországon,LOC,,,
Tállai,PER,,,
Megkérdezem Csárdi,PER,,,
CSÁRDI ANTAL,PER,,,
LMP,ORG,,,
Audinak,ORG,,,
MOL-nál,ORG,,,
Richter,ORG,,,
LMP,ORG,,,
Taps,PER,,,
LMP,ORG,,,
DK,ORG,,,
Csárdi Antal,PER,,,
Bartos Mónika,PER,,,
Németh Szilárd,PER,,,
Fidesz,ORG,,,
Brüsszel,ORG,,,
Németh Szilárd,PER,,,
NÉMETH SZILÁRD ISTVÁN,PER,,,
Fidesz,ORG,,,
Miniszter Asszony,PER,,,
Magyarország Kormánya,ORG,,,
Európára,ORG,,,
Magyarországot,LOC,,,
Ukrajna,LOC,,,
Magyarország,ORG,,,
Magyarország,LOC,,,
Brüsszel,LOC,,,
Brüsszel,LOC,,,
Németh Szilárd,PER,,,
Varga Judit,PER,,,
DR. VARGA,ORG,,,
JUDIT,PER,,,
Országgyűlés,PER,,,
Úr,PER,,,
Magyarország,LOC,,,
Ukrajnával,LOC,,,
Magyarország,LOC,,,
Európa,LOC,,,
Magyarország,ORG,,,
Európai Unióban,ORG,,,
Brüsszelben,LOC,,,
Belgium,ORG,,,
Németország,ORG,,,
Magyarország,ORG,,,
Európai Unió,ORG,,,
Európai Bizottságtól,ORG,,,
Varga Judit,PER,,,
Megkérdezem Németh Szilárd,PER,,,
NÉMETH SZILÁRD ISTVÁN,PER,,,
Fidesz,ORG,,,
Fidesz-KDNP,ORG,,,
Országgyűlés,ORG,,,
Simicskó István,PER,,,
Kereszténydemokrata Néppárt,ORG,,,
Kormány,ORG,,,
Simicskó István,PER,,,
SIMICSKÓ ISTVÁN,ORG,,,
KDNP,ORG,,,
Úr,PER,,,
Fidesz-KDNP-kormány,ORG,,,
Fidesz-KDNP-kormány,ORG,,,
Európára,ORG,,,
Magyarországra,LOC,,,
Kereszténydemokrata Néppárt,ORG,,,
Európában,LOC,,,
KDNP,ORG,,,
Simicskó István,PER,,,
Vitályos Eszter,PER,,,
Dr. Szűcs Lajost,PER,,,
Vinnai Győző,PER,,,
VITÁLYOS ESZTER,PER,,,
Ház,PER,,,
Magyarországon,LOC,,,
Magyarországon,LOC,,,
Az Alaptörvényünkben,MISC,,,
Hiszékeny Dezsőt,PER,,,
Szabó Sándor,PER,,,
Frakcióvezető Úr,PER,,,
Ház,LOC,,,
Európában,LOC,,,
Európai Unióban,LOC,,,
Munkánknak,MISC,,,
Európában,LOC,,,
Vitályos Eszter,PER,,,
DR. SIMICSKÓ ISTVÁN,ORG,,,
KDNP,ORG,,,
Megnyugtató,PER,,,
Fidesz-KDNP-kormányra,MISC,,,
Rezsivédelmi Alappal,ORG,,,
Honvédelmi Alappal,ORG,,,
Simicskó,PER,,,
Országgyűlés,ORG,,,
Országgyűlés,PER,,,
Vadai Ágnes,PER,,,
Kálmán Olga,PER,,,
DK,ORG,,,
Miniszterelnök,PER,,,
Orbán Balázs,PER,,,
KÁLMÁN OLGA,ORG,,,
DK,ORG,,,
Országgyűlés,PER,,,
Arató Gergely,PER,,,
Varju László,PER,,,
DK,ORG,,,
Miniszterelnök Úr,PER,,,
Orbán Balázs,PER,,,
Közbeszólások,LOC,,,
Arató Gergely,PER,,,
Varju László,PER,,,
Országgyűlés,ORG,,,
Jakab Péter,PER,,,
Z. Kárpát Dániel,PER,,,
Jobbik,ORG,,,
Orbán Balázs,PER,,,
Jakab Péter,PER,,,
Z. Kárpát Dániel,PER,,,
JAKAB PÉTER,PER,,,
Jobbik,ORG,,,
Taps,PER,,,
Jobbik,ORG,,,
Moraj,PER,,,
Rétvári Bence,PER,,,
Országgyűlés,PER,,,
Brenner Koloman,PER,,,
Jobbik,ORG,,,
Miniszter,PER,,,
Navracsics Tibor,PER,,,
Brenner Koloman,PER,,,
DR. BRENNER KOLOMAN,PER,,,
Jobbik,ORG,,,
Úr,PER,,,
Miniszter Úr,PER,,,
Európai Unióval,ORG,,,
Rétvári Bence,PER,,,
Álláspont,MISC,,,
Fidesz,ORG,,,
Európai Ügyészségbe,ORG,,,
Médiatanácsba,MISC,,,
Európai Unió,ORG,,,
Jobbik,ORG,,,
Brüsszelt,ORG,,,
Taps,PER,,,
Jobbik,ORG,,,
Navracsics Tibor,PER,,,
DR. NAVRACSICS TIBOR,ORG,,,
Úr,PER,,,
Képviselőtársam,PER,,,
Európai Unióból Magyarországot,ORG,,,
Európai Unióval,ORG,,,
Jobbik,ORG,,,
Bizottság,ORG,,,
Bizottság,ORG,,,
Neelie Kroesszal,PER,,,
Vivien Redinggel,PER,,,
Európai Ügyészséghez,ORG,,,
Laura Codruța,PER,,,
Európai Ügyészséghez,ORG,,,
Európai Ügyészséggel,ORG,,,
Brenner,PER,,,
DR. BRENNER KOLOMAN,PER,,,
Jobbik,ORG,,,
Úr,PER,,,
Miniszter,PER,,,
Orbán Viktor,PER,,,
ORF-en,ORG,,,
Jobbik,ORG,,,
Dr. Orbán Balázs,PER,,,
Dúró Dóra,PER,,,
Európai Néppárthoz,ORG,,,
Fidesz,ORG,,,
Rétvári Bence,PER,,,
Gyurcsány,PER,,,
Jobbik,ORG,,,
DR. NAVRACSICS TIBOR,ORG,,,
ORF-en,ORG,,,
Nagy Imre,PER,,,
Magyar Televízió,ORG,,,
Derültség,LOC,,,
KDNP,ORG,,,
Jobbik,ORG,,,
Országgyűlés,ORG,,,
Fekete-Győr András,PER,,,
Momentum,ORG,,,
Orbán Balázs,PER,,,
Fekete-Győr András,PER,,,
FEKETE-GYŐR ANDRÁS,ORG,,,
Momentum,ORG,,,
Országgyűlés,ORG,,,
Hajnal Miklós,PER,,,
Momentum,ORG,,,
Miniszterelnöki Kabinetirodát,ORG,,,
Dömötör Csaba,PER,,,
Hajnal Miklós,PER,,,
Momentum,ORG,,,
HAJNAL MIKLÓS,MISC,,,
Momentum,MISC,,,
Országgyűlés,MISC,,,
Államtitkár Úr,PER,,,
Magyarországon,LOC,,,
Magyarországon,LOC,,,
Kormányzati Tájékoztatási Központ,ORG,,,
Kormányinfó,ORG,,,
Miniszterelnökséget,ORG,,,
Kormányinfóra,MISC,,,
Kormányinfóra,MISC,,,
Kormányinfón,ORG,,,
Kormányinfóra,ORG,,,
Taps,PER,,,
Momentum,MISC,,,
Párbeszéd,MISC,,,
Hajnal Miklós,PER,,,
Dömötör Csaba,PER,,,
DÖMÖTÖR CSABA,PER,,,
Miniszterelnöki Kabinetiroda,ORG,,,
Kormányinfókra,ORG,,,
Kormányinfón,ORG,,,
Kálmán Olga,PER,,,
Kormányinfókat,ORG,,,
Kormányinfókat,ORG,,,
Moraj,PER,,,
Budapestinfót,ORG,,,
Dömötör Csaba,PER,,,
Hajnal Miklós,PER,,,
HAJNAL MIKLÓS,MISC,,,
Momentum,ORG,,,
Direkt36,ORG,,,
Magyar Hang,ORG,,,
Kormányinfóra,ORG,,,
Magyar Hang,ORG,,,
Miniszterelnökség,ORG,,,
Kormányinfóra,MISC,,,
DÖMÖTÖR CSABA,PER,,,
Miniszterelnöki Kabinetiroda,ORG,,,
Kormányinfó,ORG,,,
Országgyűlés,PER,,,
Komjáthi Imre,PER,,,
MSZP,ORG,,,
Aktuális kérdésekről,MISC,,,
Rétvári Bence,PER,,,
KOMJÁTHI IMRE,PER,,,
MSZP,ORG,,,
Komjáthi Imre,PER,,,
KOMJÁTHI IMRE,PER,,,
MSZP,ORG,,,
Rétvári Bence,PER,,,
Rétvári Bence,PER,,,
Rétvári Bence,PER,,,
MSZP-ben,ORG,,,
Befolyásoljae ,PER,,,
Magyarországon,LOC,,,
Komjáthi,PER,,,
Rétvári Bence,PER,,,
RÉTVÁRI BENCE,PER,,,
Gyurcsány Ferenc,PER,,,
Gyurcsány Ferenc,PER,,,
Fidesz-KDNP-kormány,ORG,,,
Komjáthi Imre,PER,,,
KOMJÁTHI IMRE,PER,,,
MSZP,ORG,,,
Suzuki,MISC,,,
Hankook,ORG,,,
Komjáthi,PER,,,
RÉTVÁRI BENCE,PER,,,
Ház,PER,,,
RÉTVÁRI BENCE,PER,,,
Országgyűlés,PER,,,
Toroczkai László,PER,,,
Szabadi István,PER,,,
Dúró Dóra,PER,,,
Mi Hazánk,ORG,,,
Orbán Balázs,PER,,,
Mi Hazánk,ORG,,,
DÚRÓ DÓRA,PER,,,
Mi Hazánk,MISC,,,
Miniszterelnök,PER,,,
Országgyűlés,PER,,,
Dúró Dóra,PER,,,
Mi Hazánk,ORG,,,
Orbán Balázs,PER,,,
DÚRÓ DÓRA,PER,,,
Mi Hazánk,MISC,,,
Dúró Dóra,PER,,,
DÚRÓ DÓRA,PER,,,
Mi Hazánk,MISC,,,
Úr,PER,,,
Mi Hazánk,ORG,,,
Rétvári Bence,PER,,,
Hoppá,PER,,,
Moraj,PER,,,
Közbeszólás,MISC,,,
Jobbik,ORG,,,
Jobbiknak,MISC,,,
Jobbik,ORG,,,
Előd,PER,,,
Magyarország,LOC,,,
Mi Hazánk Mozgalom,ORG,,,
Magyarország,ORG,,,
Angliát,ORG,,,
Magyarország,ORG,,,
Taps,PER,,,
Mi Hazánk,ORG,,,
Orbán Balázs,PER,,,
DR. ORBÁN BALÁZS,PER,,,
Úr,PER,,,
Ház,PER,,,
Magyarország,LOC,,,
Budapesten,LOC,,,
Budapest,LOC,,,
Magyarország,LOC,,,
Magyarországon,LOC,,,
Orbán Balázs,PER,,,
Dúró Dóra,PER,,,
DÚRÓ DÓRA,PER,,,
Mi Hazánk,MISC,,,
Mi Hazánk Mozgalom,ORG,,,
Magyarország,LOC,,,
Magyarország,ORG,,,
Mi Hazánk,ORG,,,
Dúró Dóra,PER,,,
DR. ORBÁN BALÁZS,PER,,,
Úr,PER,,,
Magyarországon,LOC,,,
Magyarországnak,ORG,,,
Magyarország,ORG,,,
Magyarország,LOC,,,
Mi Hazánk,ORG,,,
Országgyűlés,ORG,,,
Tordai Bence,PER,,,
Szabó Rebeka,PER,,,
Párbeszéd,ORG,,,
Magyarországon,LOC,,,
Miniszter,PER,,,
Farkas Sándor,PER,,,
Szabó Rebeka,PER,,,
SZABÓ REBEKA,MISC,,,
Párbeszéd,MISC,,,
Szabó Rebeka,PER,,,
SZABÓ REBEKA,MISC,,,
Párbeszéd,MISC,,,
Államtitkár Úr,PER,,,
Európai Növényvédőszer Akcióhálózat,ORG,,,
Olaszországban,LOC,,,
Hollandia,ORG,,,
Spanyolország,ORG,,,
Franciaország,ORG,,,
Németország,ORG,,,
Szlovákiában,LOC,,,
37-et,MISC,,,
Ausztriában,LOC,,,
Csehországban,LOC,,,
Szlovéniában,LOC,,,
Szabó Rebeka,PER,,,
Farkas Sándor,PER,,,
FARKAS SÁNDOR,PER,,,
Úr,PER,,,
Unióban,ORG,,,
Kanász-Nagy Máté,PER,,,
NÉBIH,ORG,,,
Farkas Sándor,PER,,,
Szabó Rebeka,PER,,,
SZABÓ REBEKA,MISC,,,
Párbeszéd,MISC,,,
Ausztriában,LOC,,,
Szlovéniában,LOC,,,
Agrárminisztériumnak,ORG,,,
Agrárminisztérium,ORG,,,
Taps,PER,,,
MSZP,ORG,,,
DK,ORG,,,
Államtitkár,PER,,,
FARKAS SÁNDOR,PER,,,
Úr,PER,,,
Magyarországon,LOC,,,
Országgyűlés,PER,,,
Ungár Péter,PER,,,
Keresztes László Lóránt,PER,,,
LMP,ORG,,,
Miniszterelnök,PER,,,
Orbán Balázs,PER,,,
Ungár Péter,PER,,,
UNGÁR PÉTER,PER,,,
LMP,ORG,,,
Miniszterelnök,PER,,,
Országgyűlés,ORG,,,
Kanász-Nagy Máté,PER,,,
LMP,ORG,,,
Honnan fúj a szél?,MISC,,,
Koncz Zsófia,PER,,,
LMP,ORG,,,
Kanász-Nagy Máté,PER,,,
LMP,ORG,,,
Magyarországon,LOC,,,
Magyarországon,LOC,,,
Magyarországon,LOC,,,
Magyarországon,LOC,,,
LMP-nek,ORG,,,
Magyarországon,LOC,,,
Ausztriának,LOC,,,
Szerbiának,ORG,,,
Magyarországon,LOC,,,
Magyarországon,LOC,,,
Magyarországon,LOC,,,
LMP,ORG,,,
Taps,PER,,,
LMP,ORG,,,
Koncz Zsófia,PER,,,
DR. KONCZ,PER,,,
ZSÓFIA,ORG,,,
Országgyűlés,PER,,,
Úr,PER,,,
Magyarország,ORG,,,
Európai Unión,ORG,,,
Magyarország,ORG,,,
Magyarországon,LOC,,,
Koncz Zsófia,PER,,,
Kanász-Nagy Máté,PER,,,
LMP,ORG,,,
ELTE,ORG,,,
Magyarország,LOC,,,
Taps,PER,,,
LMP,ORG,,,
Momentum,ORG,,,
Párbeszéd,MISC,,,
DR. KONCZ,PER,,,
ZSÓFIA,ORG,,,
Dr. Orbán Balázs,PER,,,
"Nagyívű, nagyívű!",MISC,,,
Ungár Péter,PER,,,
Európai Bizottság,ORG,,,
Országgyűlés,PER,,,
Halász János,PER,,,
Fidesz,ORG,,,
Répássy Róbert,PER,,,
Halász János,PER,,,
HALÁSZ JÁNOS,PER,,,
Fidesz,ORG,,,
Halász János,PER,,,
HALÁSZ JÁNOS,PER,,,
Fidesz,ORG,,,
Úr,PER,,,
Ház,PER,,,
Államtitkár Úr,PER,,,
Fidesz-KDNP-kormánynak,ORG,,,
Országgyűlésbe,ORG,,,
Hangsúlyozom,PER,,,
Gyurcsány,PER,,,
DK,ORG,,,
LMP,ORG,,,
Halász János,PER,,,
Répássy Róbert,PER,,,
DR. RÉPÁSSY RÓBERT,PER,,,
Úr,PER,,,
Országgyűlésben,ORG,,,
Dr. Lukács László György,PER,,,
Simonka György,PER,,,
Dr. Brenner Koloman,PER,,,
Farkas Flórián,PER,,,
Úr,PER,,,
Országgyűlés,ORG,,,
Országgyűlésnek,ORG,,,
Halász,PER,,,
HALÁSZ JÁNOS,PER,,,
Fidesz,ORG,,,
Úr,PER,,,
Ház,PER,,,
Államtitkár Úr,PER,,,
Jobbik,ORG,,,
Dr. Lukács László György,PER,,,
Orbán,PER,,,
Gyurcsányék,PER,,,
Dr. Lukács László György,PER,,,
Volnerrel,PER,,,
Dr. Brenner Koloman,PER,,,
KDNP,ORG,,,
Ház,ORG,,,
Dr. Brenner Koloman,PER,,,
Taps,PER,,,
Répássy,PER,,,
DR. RÉPÁSSY RÓBERT,PER,,,
Háznak,PER,,,
Magyar Közlöny,MISC,,,
Hivatalos Értesítőben,MISC,,,
Országgyűlésbe,ORG,,,
MSZP,ORG,,,
Jobbik,ORG,,,
LMP-nek,ORG,,,
Párbeszéd,ORG,,,
Momentum,ORG,,,
Vejkey Imre,PER,,,
KDNP,ORG,,,
Veszélyben van a rezsicsökkentés?,MISC,,,
Koncz Zsófia,PER,,,
DR. VEJKEY IMRE,ORG,,,
KDNP,ORG,,,
Vejkey Imre,PER,,,
DR. VEJKEY IMRE,ORG,,,
KDNP,ORG,,,
Oroszország,ORG,,,
Jakab István,PER,,,
Országgyűlés,ORG,,,
Magyarországot,ORG,,,
Brüsszelnek,ORG,,,
Rezsivédelmi Alap,ORG,,,
Brüsszel,LOC,,,
Márki-Zay Pétert,PER,,,
Frans Timmermans,PER,,,
Európai Bizottság,ORG,,,
Brüsszel,LOC,,,
Koncz Zsófia,PER,,,
DR. KONCZ ZSÓFIA,PER,,,
Országgyűlés,PER,,,
Úr,PER,,,
Szabó Rebeka,PER,,,
Európa,LOC,,,
EU,ORG,,,
Magyarországnak,ORG,,,
Európának,ORG,,,
Vejkey Imre,PER,,,
DR. VEJKEY IMRE,ORG,,,
KDNP,ORG,,,
Brüsszel,LOC,,,
Országgyűlés,PER,,,
DR. KONCZ ZSÓFIA,PER,,,
Európában,LOC,,,
Magyarország,ORG,,,
Országgyűlés,PER,,,
Sebián-Petrovszki László,PER,,,
DK,ORG,,,
Miniszter Úr?,MISC,,,
Fónagy János,PER,,,
SEBIÁN-PETROVSZKI LÁSZLÓ,PER,,,
DK,ORG,,,
SEBIÁN-PETROVSZKI LÁSZLÓ,PER,,,
DK,ORG,,,
Államtitkár,PER,,,
Államtitkár,PER,,,
Mé-száros Lőrinc,PER,,,
Garancsi István,PER,,,
Szíjj László,PER,,,
Rezsivédelmi,MISC,,,
Honvédelmi Alapba,ORG,,,
Kormányinfón,ORG,,,
Orbán Viktor,PER,,,
Orbán Győző,PER,,,
Tiborcz István,PER,,,
Államtitkár,PER,,,
Rezsivédelmi és a Honvédelmi Alap,ORG,,,
DK,ORG,,,
Országgyűlés,PER,,,
Fónagy János,PER,,,
FÓNAGY JÁNOS,PER,,,
Miniszterelnöki Kabinetiroda,ORG,,,
Ház,PER,,,
Úr,PER,,,
Magyarország,LOC,,,
Sebián-Petrovszki László,PER,,,
Kinek a családját,MISC,,,
Rezsivédelmi és Honvédelmi Alapot,ORG,,,
Rezsivédelmi Alapot,ORG,,,
Honvédelmi Alapot,ORG,,,
Kálmán Olga,PER,,,
Kaszinók?,MISC,,,
SEBIÁN-PETROVSZKI LÁSZLÓ,PER,,,
DK,ORG,,,
Mészáros,PER,,,
Orbán,PER,,,
Államtitkár Úr,PER,,,
Taps,PER,,,
DK,ORG,,,
Országgyűlés,PER,,,
Államtitkár,PER,,,
Novák Előd,PER,,,
Dr. Fónagy János,PER,,,
FÓNAGY JÁNOS,PER,,,
Miniszterelnöki Kabinetiroda,ORG,,,
Úr,PER,,,
MOL-nak,ORG,,,
Országgyűlés,PER,,,
Komáromi Zoltán,PER,,,
DK,ORG,,,
DR. KOMÁROMI ZOLTÁN,ORG,,,
DK,ORG,,,
Úr,PER,,,
Államtitkár Úr,PER,,,
Országgyűlés,PER,,,
OKFŐ,ORG,,,
Államtitkár,PER,,,
Taps,ORG,,,
DK,ORG,,,
Országgyűlés,PER,,,
Rétvári Bence,PER,,,
RÉTVÁRI BENCE,PER,,,
Magyarország,LOC,,,
Országgyűlés,PER,,,
Brenner Koloman,PER,,,
Jobbik,ORG,,,
DR. BRENNER KOLOMAN,PER,,,
Jobbik,ORG,,,
Úr,PER,,,
Kisalföldön,LOC,,,
Európai Unió,ORG,,,
Kárpát-medencében,LOC,,,
Paks II.-t,ORG,,,
Jobbik,ORG,,,
Paks II.-t,MISC,,,
Jobbik,ORG,,,
Országgyűlés,PER,,,
Koncz Zsófia,PER,,,
DR. KONCZ ZSÓFIA,PER,,,
Úr,PER,,,
Országgyűlés,PER,,,
Úr,PER,,,
Ukrajnán,LOC,,,
Magyarország,LOC,,,
Európai Bizottság,ORG,,,
Országgyűlés,PER,,,
Komjáthi Imre,PER,,,
MSZP,ORG,,,
KOMJÁTHI IMRE,PER,,,
MSZP,ORG,,,
Államtitkár Úr,PER,,,
Egy magyar édesanya,MISC,,,
Normixra,MISC,,,
Normix,ORG,,,
Rétvári Bence,PER,,,
Parancsoljon,PER,,,
RÉTVÁRI BENCE,PER,,,
Ház,PER,,,
Goodwill Pharma Kft.,ORG,,,
Normix,ORG,,,
NEAK,ORG,,,
Nemzeti Egészségbiztosítási Alapkezelő,ORG,,,
NEAK,ORG,,,
NEAK,ORG,,,
NEAK,ORG,,,
NEAK-os,MISC,,,
Országgyűlés,PER,,,
Novák Előd,PER,,,
Mi Hazánk,ORG,,,
Magyarországra,LOC,,,
Szalay-Bobrovniczky Kristóf,PER,,,
Vargha Tamás,PER,,,
Hazánk,PER,,,
Államtitkár Úr,PER,,,
Magyarország,ORG,,,
Magyarországot,LOC,,,
Mi Hazánk Mozgalom,ORG,,,
Magyarország,LOC,,,
Mi Hazánk Mozgalom,ORG,,,
Ukrajnába,LOC,,,
Magyarországon,LOC,,,
Mi Hazánk,LOC,,,
Ukrajna,LOC,,,
Ukrajna,LOC,,,
Mi Hazánk Mozgalom,ORG,,,
Ukrajna,ORG,,,
Magyarországot,LOC,,,
Taps,PER,,,
Mi Hazánk,ORG,,,
Országgyűlés,PER,,,
Vargha Tamás,PER,,,
VARGHA TAMÁS,PER,,,
Úr,PER,,,
Országgyűlés,PER,,,
Úr,PER,,,
Országgyűlésben,ORG,,,
Magyarország,LOC,,,
Magyarország,ORG,,,
Ukrajnába,LOC,,,
Magyarországot,LOC,,,
Oroszország,LOC,,,
Oroszország,ORG,,,
Magyarországnak,ORG,,,
Magyarország,LOC,,,
NATO,ORG,,,
NATO,ORG,,,
Magyarországon,LOC,,,
Magyar Honvédség,ORG,,,
Magyarország,ORG,,,
Országgyűlés,PER,,,
Szabó Rebeka,PER,,,
Párbeszéd,ORG,,,
Párbeszéd,MISC,,,
Államtitkár Úr,PER,,,
Oroszország,LOC,,,
Ukrajna,ORG,,,
Európában,LOC,,,
Farkas Sándor,PER,,,
Miniszterhelyettes Úr,PER,,,
FARKAS SÁNDOR,PER,,,
Úr,PER,,,
Magyarországon,LOC,,,
Magyarországon,LOC,,,
EU,ORG,,,
Országgyűlés,PER,,,
Bakos Bernadett,PER,,,
LMP,ORG,,,
Fidesz,ORG,,,
Palkovics László,PER,,,
Bakos Bernadett,PER,,,
BAKOS BERNADETT,ORG,,,
LMP,ORG,,,
Ház,PER,,,
LMP,ORG,,,
Fenntartható fejlődés bizottságában vita,MISC,,,
Palkovics László,PER,,,
Palkovics László,PER,,,
Országgyűlés,PER,,,
Koncz Zsófia,PER,,,
DR. KONCZ ZSÓFIA,PER,,,
Országgyűlés,PER,,,
Fenntartható fejlődés bizottsága,MISC,,,
Magyarország,ORG,,,
Magyarországon,LOC,,,
Országgyűlés,PER,,,
Dunai Mónika,PER,,,
KRESZ,MISC,,,
DUNAI MÓNIKA,ORG,,,
Fidesz,ORG,,,
Úr,PER,,,
KRESZ-ben,MISC,,,
KRESZ,MISC,,,
Koncz Zsófia,PER,,,
DR. KONCZ ZSÓFIA,PER,,,
Úr,PER,,,
Országgyűlés,PER,,,
Technológiai és Ipari Minisztérium,ORG,,,
KRESZ,MISC,,,
KRESZ,MISC,,,
Országgyűlés,PER,,,
Vejkey Imre,PER,,,
KDNP,ORG,,,
Miniszterelnökséget,ORG,,,
DR. VEJKEY IMRE,ORG,,,
KDNP,ORG,,,
Államtitkár Úr,PER,,,
Magyarországon,LOC,,,
Államtitkár Úr,PER,,,
Államtitkár Úr,PER,,,
Soltész Miklós,PER,,,
SOLTÉSZ MIKLÓS,MISC,,,
Miniszterelnökség,ORG,,,
Országgyűlés,PER,,,
Úr,PER,,,
DK-nál,ORG,,,
Kálmán Olga,PER,,,
Budapest,LOC,,,
Pest megye,LOC,,,
Országgyűlés,PER,,,
Hegedüs Andrea,PER,,,
DK,ORG,,,
HEGEDÜS ANDREA,ORG,,,
DK,ORG,,,
Úr,PER,,,
Ház,PER,,,
Pedagógusok Szakszervezetének,ORG,,,
Orbán Viktor,PER,,,
Államtitkár,PER,,,
Pedagógusok Szakszervezetének,ORG,,,
Orbán Viktor,PER,,,
DK,ORG,,,
Jobbik,ORG,,,
Rétvári Bence,PER,,,
RÉTVÁRI BENCE,PER,,,
Ház,PER,,,
Gyurcsány Ferenccel,PER,,,
Magyarországon,LOC,,,
Magyarországon,LOC,,,
Magyarországon,LOC,,,
Hegedüs Andrea,PER,,,
Nemzeti Pedagógus Karral,ORG,,,
Nemzeti Pedagógus Karral,ORG,,,
Maruzsa,PER,,,
Pedagógus Karral,ORG,,,
Országgyűlés,PER,,,
Ovádi Péter,PER,,,
Fidesz,ORG,,,
Pannon Egyetemen,ORG,,,
OVÁDI PÉTER,PER,,,
Fidesz,ORG,,,
Úr,PER,,,
Pannon Egyetem,ORG,,,
Pannon Egyetemért Alapítvány,ORG,,,
Pannon Egyetem,ORG,,,
Az ott folyó nemzetközi ismertségű,MISC,,,
Pannon Egyetemen,ORG,,,
Vitályos Eszter,PER,,,
Államtitkár,PER,,,
VITÁLYOS ESZTER,PER,,,
Képviselő Úr,PER,,,
Pannon Egyetem,ORG,,,
Képviselő Úr,PER,,,
Magyarországon,LOC,,,
Európai Unió,ORG,,,
Pannon Egyetem,ORG,,,
Pannon Egyetem,ORG,,,
Országgyűlés,PER,,,
Napirend,PER,,,
Tuzson Bence,PER,,,
Választókerületi ügyek,MISC,,,
TUZSON BENCE,PER,,,
Fidesz,ORG,,,
Dunakeszi,LOC,,,
Fót,LOC,,,
Göd,LOC,,,
Csomád,LOC,,,
Csömör,LOC,,,
Erdőkertes,LOC,,,
Veresegyház,LOC,,,
Pest megye,LOC,,,
M2-est,ORG,,,
M3-assal,ORG,,,
Dunakeszi,LOC,,,
Szent István,PER,,,
Krisztus Király Iskola,ORG,,,
Duna,LOC,,,
Duna,LOC,,,
Duna,LOC,,,
Dunakeszi,LOC,,,
Göd,LOC,,,
Gödön,LOC,,,
Huzella Kert,LOC,,,
Arany János,PER,,,
Huzella,PER,,,
Huzella,PER,,,
Eötvös Loránd Tudományegyetemhez,ORG,,,
Füvészkerthez,ORG,,,
Fővárosi Füvészkerthez,ORG,,,
Huzella Kertet,MISC,,,
Füvészkert,ORG,,,
Göd,LOC,,,
Gödön,LOC,,,
Dunakanyar,LOC,,,
Országgyűlés,MISC,,,
Napirend,PER,,,
Varju László,PER,,,
Mi történik Újpesten?,MISC,,,
VARJU LÁSZLÓ,PER,,,
DK,ORG,,,
Ház,PER,,,
Újpesten,LOC,,,
Angyalföldön,LOC,,,
Újpesten,LOC,,,
XIII. kerületben,LOC,,,
Országház,LOC,,,
Újpesten,LOC,,,
Nyárindító plusz jutalom,MISC,,,
Itt a városvezetés által megálmodott,MISC,,,
Balaton-partról,LOC,,,
Újpesten,LOC,,,
Egészséges Budapest,MISC,,,
Nyárindító plusz jutalom,MISC,,,
Országgyűlés,MISC,,,
Napirend utáni,PER,,,
Hegedüs Andrea,PER,,,
HEGEDÜS ANDREA,ORG,,,
DK,ORG,,,
Úr,PER,,,
Ház,PER,,,
Miskolcot,LOC,,,
Kánaánt,LOC,,,
Miskolcnak,ORG,,,
Zöld Nyíl,MISC,,,
Budapesten,LOC,,,
MVK Zrt.,ORG,,,
Csöbör,PER,,,
Hubay,PER,,,
Miskolcot,LOC,,,
Demokratikus Koalíció,ORG,,,
Miskolc,LOC,,,
Csöbör Katalinnak,PER,,,
Kiss Jánosnak,PER,,,
Kovács Zsoltnak,PER,,,
Varga Juditnak,PER,,,
Répássy Róbertnek,PER,,,
Szinay Attilának,PER,,,
Varju László,PER,,,
Országgyűlés,MISC,,,
Bencze János,PER,,,
BENCZE JÁNOS,PER,,,
Jobbik,ORG,,,
Úr,PER,,,
Taps,PER,,,
DK,ORG,,,
Országgyűlés,ORG,,,
Budapest,LOC,,,
Kossuth tér,LOC,,,
Virtuális Parlamenti séta ,MISC,,,
Budapest,LOC,,,
Idegenforgalom: idegenforgalom(kukac,MISC,,,
emagyar maradek tulajdonnev: ,,,,
GDP,MISC,,,
Képviselő Úr,ORG,,,
Dócs Dávid,PER,,,
Mi Hazánk,ORG,,,
Mi Hazánk,PER,,,
Elnök Úr,ORG,,,
Ház,ORG,,,
Belügyminiszter Úr,ORG,,,
Mi Hazánk Mozgalom,ORG,,,
Mi Hazánk Mozgalom,ORG,,,
Mi Hazánk,ORG,,,
Rétvári Bence,PER,,,
Képviselő Úr,ORG,,,
Ház,ORG,,,
Képviselő Úr,ORG,,,
Magyar Gárda,ORG,,,
MSZP,ORG,,,
Komjáthi Imre,PER,,,
MSZP,ORG,,,
Országgyűlés,ORG,,,
MSZP,ORG,,,
Orbán Viktor,PER,,,
Országgyűlés,ORG,,,
MSZP,ORG,,,
Orbán Győző,PER,,,
MSZP,ORG,,,
Fidesz,ORG,,,
MSZP,ORG,,,
Dömötör Csaba,PER,,,
Miniszterelnöki Kabinetiroda,ORG,,,
Képviselő Úr,ORG,,,
Magyarországon,LOC,,,
Magyarországon,LOC,,,
Magyarországon,LOC,,,
Magyarországon,LOC,,,
Magyarországon,LOC,,,
Latorcai János,PER,,,
Kunhalmi Ágnes,PER,,,
Komjáthi Imre,PER,,,
Kunhalmi Ágnes,PER,,,
Kunhalmi Ágnes,PER,,,
Kunhalmi Ágnes,PER,,,
Hajnal Miklósnak,PER,,,
Országgyűlés,ORG,,,
Országgyűlés,ORG,,,
Országgyűlés,ORG,,,
János Kórház,ORG,,,
Országgyűlés,ORG,,,
János Kórház,ORG,,,
DK,ORG,,,
Ház,ORG,,,
Fürjes Balázs,PER,,,
Fürjes Balázs,PER,,,
Szabó Szabolcs,PER,,,
Momentum,ORG,,,
Fővárosi Közgyűlésbe,ORG,,,
Arató Gergely,PER,,,
Magyarországon,LOC,,,
Fővárosi Közgyűlés,ORG,,,
Budapesten,LOC,,,
Fővárosi Közgyűlés,ORG,,,
Karácsony Gergely,PER,,,
Budapesten,LOC,,,
CT,ORG,,,
Budapesten,LOC,,,
Budapest,LOC,,,
Budapestre,LOC,,,
Karácsony Gergely,PER,,,
Szabó Szabolcs,PER,,,
Budapest,LOC,,,
Szent János,PER,,,
Pokorni Zoltán,PER,,,
Karácsony Gergely,PER,,,
Karácsony Gergelyhez,PER,,,
Lukács László György,PER,,,
Elnök Úr,ORG,,,
Magyarországon,LOC,,,
Honvédelmi Alapba,ORG,,,
Európa,LOC,,,
Tállai András,PER,,,
Országgyűlés,ORG,,,
Képviselő Úr,ORG,,,
Horvátország,LOC,,,
Szlovénia,LOC,,,
Magyarországon,LOC,,,
Közép-Európa,LOC,,,
Lengyelországban,LOC,,,
Európa,LOC,,,
Németországban,LOC,,,
Amerikában,LOC,,,
Magyarország,LOC,,,
Magyar Szocialista Párt,ORG,,,
Országgyűlésnek,ORG,,,
Ház,ORG,,,
Arató Gergely,PER,,,
Ház,ORG,,,
Ház,ORG,,,
Magyarországon,LOC,,,
Orbán Viktor,PER,,,
Magyarországon,LOC,,,
Európai Unió,ORG,,,
Európai Unió,ORG,,,
Orbán Viktor,PER,,,
Orbán Viktor,PER,,,
Magyarországon,LOC,,,
Dömötör Csaba,PER,,,
Miniszterelnöki Kabinetiroda,ORG,,,
Magyarországra,LOC,,,
Arató Gergely,PER,,,
Európai Unió,ORG,,,
Magyarországgal,LOC,,,
Magyarországnak,LOC,,,
Arató Gergely,PER,,,
Arató Gergely,PER,,,
Arató Gergely,PER,,,
Arató Gergely,PER,,,
Hollik Istvánnak,PER,,,
Ház,ORG,,,
Európában,LOC,,,
Európában,LOC,,,
Brüsszelben,LOC,,,
Frans Timmermans,PER,,,
Európai Bizottság,ORG,,,
Németországban,LOC,,,
Honvédelmi Alap,ORG,,,
Magyarország,LOC,,,
KDNP,ORG,,,
Magyarországnak,LOC,,,
Tállai András,PER,,,
Országgyűlés,ORG,,,
Képviselő Úr,ORG,,,
Európai Unió,ORG,,,
Európai Unióra,ORG,,,
Magyarországon,LOC,,,
Európában,LOC,,,
Magyarország,LOC,,,
Honvédelmi Alapot,ORG,,,
Európai Unióban,ORG,,,
Ház,ORG,,,
Fidesz,ORG,,,
Magyarország,LOC,,,
Magyarország,LOC,,,
Magyarország,LOC,,,
Európában,LOC,,,
Litvánia,LOC,,,
Csehország,LOC,,,
Közép,LOC,,,
Kelet,LOC,,,
Európában,LOC,,,
Magyarországon,LOC,,,
Európai Unió,ORG,,,
Magyarországnak,LOC,,,
Európának,LOC,,,
Magyarországot,LOC,,,
Magyarországon,LOC,,,
Amerikai Egyesült Államokban,LOC,,,
Magyarországon,LOC,,,
OECD,ORG,,,
Európai Bizottság,ORG,,,
OECD,ORG,,,
Európai Bizottság,ORG,,,
Magyarország,LOC,,,
Magyarország,LOC,,,
Tállai András,PER,,,
Országgyűlés,ORG,,,
Képviselő Úr,ORG,,,
OECD,ORG,,,
Magyarország,LOC,,,
Magyarországon,LOC,,,
Magyarország,LOC,,,
Európai Unió,ORG,,,
Európai Unió,ORG,,,
Amerikával,LOC,,,
Kínával,LOC,,,
Európai Unió,ORG,,,
Amerika,LOC,,,
Európai Unió,ORG,,,
Európai Unió,ORG,,,
Amerika,LOC,,,
Amerika,LOC,,,
Európai Unió,ORG,,,
Európai Unió,ORG,,,
Európában,LOC,,,
Európában,LOC,,,
Európai Uniót,ORG,,,
Magyarországot,LOC,,,
Európa,LOC,,,
Európában,LOC,,,
Magyarország,LOC,,,
Országgyűlés,ORG,,,
Hiszékeny Dezső,PER,,,
Országgyűlés,ORG,,,
Tuzson Bence,PER,,,
Fidesz,ORG,,,
Keresztes László Lóránt,PER,,,
Varju László,PER,,,
Hegedüs Andrea,PER,,,
Bencze János,PER,,,
Kanász-Nagy Máté,PER,,,
Berki Sándor,PER,,,
Toroczkai László,PER,,,
Mi Hazánk,PER,,,
Hiszékeny Dezső,PER,,,
MSZP,ORG,,,
Bedő Dávid,PER,,,
Z. Kárpát Dániel,PER,,,
Varga Zoltán,PER,,,
Szászfalvi László,PER,,,
Dunai Mónika,PER,,,
Fidesz,ORG,,,
Keresztes László Lóránt,PER,,,
Z. Kárpát Dániel,PER,,,
Varju László,PER,,,
Varju László,PER,,,
Keresztes László Lóránt,PER,,,
Varju László,PER,,,
Kárpát Dániel,PER,,,
Végh Noémi,PER,,,
Varju László,PER,,,
Országgyűlés,ORG,,,
Országgyűlés,ORG,,,
Interparlamentáris Unió Magyar Nemzeti Csoportjának,ORG,,,
Országgyűlés,ORG,,,
Ház,ORG,,,
Arató Gergely,PER,,,
Barkóczi Balázs,PER,,,
DK,ORG,,,
Gréczy Zsolt,PER,,,
Gy. Németh Erzsébet,ORG,,,
DK,ORG,,,
Hegedüs Andrea,PER,,,
Kálmán Olga,PER,,,
DK,ORG,,,
Komáromi Zoltán,PER,,,
Kordás László,PER,,,
Oláh Lajos,PER,,,
DK,ORG,,,
Sebián-Petrovszki László,PER,,,
DK,ORG,,,
Varga Zoltán,PER,,,
DK,ORG,,,
Varju László,PER,,,
DK,ORG,,,
Ház,ORG,,,
Országgyűlés,ORG,,,
Országgyűlés,ORG,,,
Ház,ORG,,,
Országgyűlés,ORG,,,
Fidesz,ORG,,,
Országgyűlés,ORG,,,
Ház,ORG,,,
Fidesz,ORG,,,
Országgyűlés,ORG,,,
Ház,ORG,,,
Országgyűlés,ORG,,,
Magyarország,LOC,,,
Országgyűlés,ORG,,,
Szűcs Lajos,PER,,,
Országgyűlés,ORG,,,
Fidesz,ORG,,,
MSZP,ORG,,,
Mi Hazánk,ORG,,,
Európai Parlament,ORG,,,
Országgyűlés,ORG,,,
Ház,ORG,,,
Ház,ORG,,,
Állami Számvevőszék,ORG,,,
Országgyűlés,ORG,,,
Országgyűlés,ORG,,,
Ház,ORG,,,
Kövér László Jegyzők,PER,,,
Szűcs Lajos,PER,,,
Hiszékeny Dezső,PER,,,
Barkóczi Balázs,PER,,,
Ház,ORG,,,
Ház,ORG,,,
Steiner Attila,PER,,,
Irinyi János,PER,,,
Rétvári Bence,PER,,,
Gyurcsányt,ORG,,,
Hajdu László,PER,,,
Magyarországon,LOC,,,
Schanda Tamás,PER,,,
Schanda Tamást,PER,,,
DK,ORG,,,
Lezsák Sándor,PER,,,
Országgyűlés,ORG,,,
Koncz Zsófia,PER,,,
Elnök Úr,ORG,,,
Országgyűlés,ORG,,,
Képviselő Úr,ORG,,,
Országgyűlés,ORG,,,
Képviselő Úr,ORG,,,
Budapesten,LOC,,,
Koncz Zsófia,PER,,,
Államtitkár Asszony,PER,,,
Tarnai Richárd,ORG,,,
Pest Megyei Kormányhivataltól,ORG,,,
Országgyűlés,ORG,,,
Lukács László György,PER,,,
Lukács László György,PER,,,
Elnök Úr,ORG,,,
Államtitkár Úr,ORG,,,
Képviselő Úr,ORG,,,
Ház,ORG,,,
Állami Számvevőszék,ORG,,,
Torgyán József,PER,,,
Gyurcsány Ferenctől,PER,,,
Európában,LOC,,,
Nyugat-Európában,LOC,,,
Államtitkár Úr,PER,,,
Korózs Lajos,PER,,,
Országgyűlés,ORG,,,
Gelencsér Ferenc,PER,,,
Momentum,ORG,,,
Budavári Önkormányzatot,ORG,,,
Széchenyi Bankban,ORG,,,
Nagy Márton,PER,,,
Fónagy János,PER,,,
Házelnök Úr,PER,,,
Ház,ORG,,,
Varga Mihály,PER,,,
Nagy Gábor Tamás,PER,,,
Budapest,LOC,,,
Red Bull Air Race,ORG,,,
Budavári Önkormányzat,ORG,,,
Széchenyi Bank Zrt,ORG,,,
Széchenyi Bank,ORG,,,
Nagy Gábor,PER,,,
Magyarország,LOC,,,
Széchenyi Bankban,ORG,,,
Budavári Önkormányzat,ORG,,,
Nemzetgazdasági Minisztérium,ORG,,,
Széchenyi Bank,ORG,,,
Nagy Gábor,PER,,,
Széchenyi Bank,ORG,,,
Széchenyi Bankot,ORG,,,
OBA,ORG,,,
OBA,ORG,,,
OBA,ORG,,,
Nagy Gábor Tamás,PER,,,
Széchenyi Bankban,ORG,,,
Nagy Gábor Tamás,PER,,,
Momentum,ORG,,,
Fónagy János,PER,,,
Miniszterelnöki Kabinetiroda,ORG,,,
Országgyűlés,ORG,,,
Magyar Nemzeti Bank,ORG,,,
Széchenyi Kereskedelmi Bank Zrt.,ORG,,,
Széchenyi Bank,ORG,,,
Országos Betétbiztosítási Alap,ORG,,,
Országos Betétbiztosítási Alap,ORG,,,
OBA,ORG,,,
OBA,ORG,,,
Széchenyi Banknál,ORG,,,
Házelnök Úr,PER,,,
Országgyűlés,ORG,,,
Szabó Sándor,PER,,,
MSZP,ORG,,,
Szabó Sándor,PER,,,
MSZP,ORG,,,
Államtitkár Úr,ORG,,,
Szegeden,LOC,,,
MSZP,ORG,,,
Tállai András,PER,,,
Elnök Úr,PER,,,
Országgyűlés,ORG,,,
Képviselő Úr,ORG,,,
Járvány Elleni Védekezési Alapba,ORG,,,
Szeged,PER,,,
Pick Aréna,ORG,,,
Szeged,ORG,,,
Képviselő Úr,ORG,,,
Szabó Sándor,PER,,,
MSZP,ORG,,,
DK,ORG,,,
Momentum,ORG,,,
MSZP,ORG,,,
Országgyűlés,ORG,,,
Novák Előd,PER,,,
Mi Hazánk,ORG,,,
Novák Előd,PER,,,
Mi Hazánk,PER,,,
Miniszter Úr,ORG,,,
Mi Hazánk Mozgalom,ORG,,,
Nemzeti Vidékstratégia,ORG,,,
Ángyán József,PER,,,
Gelencsér Ferenc,PER,,,
Ángyán József,PER,,,
Mi Hazánk Mozgalom,ORG,,,
Mi Hazánk,ORG,,,
Novák Előd,PER,,,
Farkas Sándor,PER,,,
Elnök Úr,ORG,,,
Képviselő Úr,ORG,,,
Eurostat,ORG,,,
Európai Unióban,ORG,,,
Képviselő Úr,ORG,,,
Magyarország,LOC,,,
Farkas Sándor,PER,,,
Novák Előd,PER,,,
Mi Hazánk,PER,,,
Vidékstratégia,LOC,,,
Mi Hazánk,ORG,,,
Novák Előd,PER,,,
Országgyűlés,ORG,,,
András Imre,PER,,,
Párbeszéd,ORG,,,
András Imre,PER,,,
Miniszter Asszony,ORG,,,
Miniszter Asszony,ORG,,,
Miniszter Asszony,ORG,,,
Végrehajtói Kamara,ORG,,,
Jámbor András,PER,,,
Varga Judit,PER,,,
Elnök Úr,ORG,,,
Országgyűlés,ORG,,,
Képviselő Úr,ORG,,,
Európában,LOC,,,
Varga Judit,PER,,,
Jámbor András,PER,,,
Varga Judit,PER,,,
Jámbor András,PER,,,
Országgyűlés,ORG,,,
Csárdi Antal,PER,,,
LMP,ORG,,,
Fidesz,ORG,,,
Csárdi Antal,PER,,,
Államtitkár Úr,ORG,,,
Országgyűlés,ORG,,,
Magyarországon,LOC,,,
Németországban,LOC,,,
Franciaországban,LOC,,,
Dániában,LOC,,,
Ausztriában,LOC,,,
Lengyelországban,LOC,,,
Csehországban,LOC,,,
Írország,LOC,,,
Magyarországon,LOC,,,
Fidesz,ORG,,,
Miniszter Úr,ORG,,,
Államtitkár Úr,ORG,,,
Tállai András,PER,,,
Országgyűlés,ORG,,,
Képviselő Úr,ORG,,,
Magyarország,LOC,,,
Google,ORG,,,
Magyarország,LOC,,,
Magyarország,LOC,,,
Magyarország,LOC,,,
Magyarország,LOC,,,
Magyarországon,LOC,,,
Egyesült Államokban,LOC,,,
Európai Unióban,ORG,,,
Európai Unió,ORG,,,
Kína,LOC,,,
Egyesült Államok,LOC,,,
Európában,LOC,,,
Magyarország,LOC,,,
Magyarországon,LOC,,,
Tállai,PER,,,
Richter,ORG,,,
LMP,ORG,,,
Csárdi Antal,PER,,,
Országgyűlés,ORG,,,
Bartos Mónika,PER,,,
Németh Szilárd,PER,,,
Fidesz,ORG,,,
Fidesz,ORG,,,
Miniszter Asszony,ORG,,,
Magyarország,LOC,,,
Magyarországot,LOC,,,
Ukrajna,LOC,,,
Magyarország,LOC,,,
Magyarország,LOC,,,
Németh Szilárd,PER,,,
Varga Judit,PER,,,
Országgyűlés,ORG,,,
Képviselő Úr,ORG,,,
Magyarország,LOC,,,
Ukrajnával,LOC,,,
Magyarország,LOC,,,
Európa,LOC,,,
Magyarország,LOC,,,
Európai Unióban,ORG,,,
Brüsszelben,LOC,,,
Belgium,LOC,,,
Németország,LOC,,,
Magyarország,LOC,,,
Európai Unió,ORG,,,
Európai Bizottságtól,ORG,,,
Varga Judit,PER,,,
Németh Szilárd,PER,,,
Fidesz,ORG,,,
Országgyűlés,ORG,,,
Simicskó István,PER,,,
Kereszténydemokrata Néppárt,ORG,,,
Simicskó István,PER,,,
Elnök Úr,ORG,,,
Államtitkár Asszony,ORG,,,
Magyarországra,LOC,,,
Kereszténydemokrata Néppárt,ORG,,,
Európában,LOC,,,
Simicskó István,PER,,,
Vitályos Eszter,PER,,,
Szűcs Lajost,PER,,,
Vinnai Győző,PER,,,
Országgyűlés,ORG,,,
Ház,ORG,,,
Magyarországon,LOC,,,
Magyarországon,LOC,,,
Szabó Sándor,PER,,,
Ház,ORG,,,
Európában,LOC,,,
Európai Unióban,ORG,,,
Európában,LOC,,,
Vitályos Eszter,PER,,,
Honvédelmi Alappal,ORG,,,
Országgyűlés,ORG,,,
Országgyűlés,ORG,,,
Vadai Ágnes,PER,,,
Kálmán Olga,PER,,,
Orbán Balázs,PER,,,
Országgyűlés,ORG,,,
Arató Gergely,PER,,,
Varju László,PER,,,
Miniszterelnök Úr,PER,,,
Orbán Balázs,PER,,,
Arató Gergely,PER,,,
Varju László,PER,,,
Országgyűlés,ORG,,,
Jakab Péter,PER,,,
Z. Kárpát Dániel,PER,,,
Orbán Balázs,PER,,,
Jakab Péter,PER,,,
Z. Kárpát Dániel,PER,,,
Országgyűlés,ORG,,,
Brenner Koloman,PER,,,
Navracsics Tibor,PER,,,
Brenner Koloman,PER,,,
Elnök Úr,ORG,,,
Miniszter Úr,ORG,,,
Európai Unióval,ORG,,,
Rétvári Bence,PER,,,
Fidesz,ORG,,,
Európai Ügyészségbe,ORG,,,
Európai Unió,ORG,,,
Navracsics Tibor,PER,,,
Elnök Úr,ORG,,,
Európai Unióból,ORG,,,
Magyarországot,LOC,,,
Európai Unióval,ORG,,,
Neelie Kroesszal,PER,,,
Vivien Redinggel,PER,,,
Európai Ügyészséghez,ORG,,,
Európai Ügyészséghez,ORG,,,
Európai Ügyészséggel,ORG,,,
Brenner,PER,,,
Elnök Úr,ORG,,,
Orbán Viktor,PER,,,
Orbán Balázs,PER,,,
Dúró Dóra,PER,,,
Európai Néppárthoz,ORG,,,
Fidesz,ORG,,,
Nagy Imre,PER,,,
Magyar Televízió,ORG,,,
Országgyűlés,ORG,,,
Fekete-Győr András,PER,,,
Orbán Balázs,PER,,,
Fekete-Győr András,PER,,,
Országgyűlés,ORG,,,
Hajnal Miklós,PER,,,
Momentum,ORG,,,
Miniszterelnöki Kabinetirodát,ORG,,,
Dömötör Csaba,PER,,,
Hajnal Miklós,PER,,,
Országgyűlés,ORG,,,
Államtitkár Úr,ORG,,,
Magyarországon,LOC,,,
Magyarországon,LOC,,,
Kormányzati Tájékoztatási Központ,ORG,,,
Momentum,ORG,,,
Hajnal Miklós,PER,,,
Dömötör Csaba,PER,,,
Miniszterelnöki Kabinetiroda,ORG,,,
Kálmán Olga,PER,,,
Dömötör Csaba,PER,,,
Hajnal Miklós,PER,,,
Magyar Hang,ORG,,,
Magyar Hang,ORG,,,
Miniszterelnöki Kabinetiroda,ORG,,,
Országgyűlés,ORG,,,
Komjáthi Imre,PER,,,
MSZP,ORG,,,
MSZP,ORG,,,
Komjáthi Imre,PER,,,
MSZP,ORG,,,
Rétvári Bence,PER,,,
Magyarországon,LOC,,,
Gyurcsány Ferenc,PER,,,
Gyurcsány Ferenc,PER,,,
Komjáthi Imre,PER,,,
MSZP,ORG,,,
Suzuki,MISC,,,
Képviselő Úr,ORG,,,
Ház,ORG,,,
Országgyűlés,ORG,,,
Toroczkai László,PER,,,
Szabadi István,PER,,,
Dúró Dóra,PER,,,
Mi Hazánk,ORG,,,
Orbán Balázs,PER,,,
Mi Hazánk,ORG,,,
Mi Hazánk,PER,,,
Országgyűlés,ORG,,,
Dúró Dóra,PER,,,
Mi Hazánk,ORG,,,
Orbán Balázs,PER,,,
Mi Hazánk,PER,,,
Dúró Dóra,PER,,,
Mi Hazánk,PER,,,
Elnök Úr,ORG,,,
Politikai Igazgató Úr,ORG,,,
Mi Hazánk,ORG,,,
Magyarország,LOC,,,
Mi Hazánk Mozgalom,ORG,,,
Magyarország,LOC,,,
Magyarország,LOC,,,
Mi Hazánk,ORG,,,
Orbán Balázs,PER,,,
Elnök Úr,ORG,,,
Ház,ORG,,,
Képviselő Asszony,ORG,,,
Magyarország,LOC,,,
Budapesten,LOC,,,
Budapest,LOC,,,
Magyarország,LOC,,,
Magyarországon,LOC,,,
Orbán Balázs,PER,,,
Dúró Dóra,PER,,,
Mi Hazánk,PER,,,
Mi Hazánk Mozgalom,ORG,,,
Magyarország,LOC,,,
Magyarország,LOC,,,
Mi Hazánk,ORG,,,
Dúró Dóra,PER,,,
Elnök Úr,ORG,,,
Képviselő Asszony,ORG,,,
Magyarországon,LOC,,,
Magyarországnak,LOC,,,
Magyarország,LOC,,,
Magyarország,LOC,,,
Kormánya,LOC,,,
Mi Hazánk,ORG,,,
Országgyűlés,ORG,,,
Szabó Rebeka,PER,,,
Magyarországon,LOC,,,
Farkas Sándor,PER,,,
Szabó Rebeka,PER,,,
Szabó Rebeka,PER,,,
Államtitkár Úr,ORG,,,
Európai Növényvédőszer Akcióhálózat,ORG,,,
Olaszországban,LOC,,,
Hollandia,LOC,,,
Spanyolország,LOC,,,
Franciaország,LOC,,,
Németország,LOC,,,
Szlovákiában,LOC,,,
Ausztriában,LOC,,,
Csehországban,LOC,,,
Szlovéniában,LOC,,,
Szabó Rebeka,PER,,,
Farkas Sándor,PER,,,
Elnök Úr,ORG,,,
Képviselő Asszony,ORG,,,
Unióban,ORG,,,
Farkas Sándor,PER,,,
Szabó Rebeka,PER,,,
Ausztriában,LOC,,,
Szlovéniában,LOC,,,
MSZP,ORG,,,
Elnök Úr,ORG,,,
Képviselő Asszony,ORG,,,
Magyarországon,LOC,,,
Országgyűlés,ORG,,,
Ungár Péter,PER,,,
Keresztes László Lóránt,PER,,,
Orbán Balázs,PER,,,
Ungár Péter,PER,,,
Országgyűlés,ORG,,,
Kanász-Nagy Máté,PER,,,
Koncz Zsófia,PER,,,
Kanász-Nagy Máté,PER,,,
Magyarországon,LOC,,,
Magyarországon,LOC,,,
Magyarországon,LOC,,,
Magyarországon,LOC,,,
Magyarországon,LOC,,,
Szerbiának,LOC,,,
Magyarországon,LOC,,,
Magyarországon,LOC,,,
Magyarországon,LOC,,,
LMP,ORG,,,
Koncz Zsófia,PER,,,
Országgyűlés,ORG,,,
Képviselő Úr,ORG,,,
Magyarország,LOC,,,
Európai Unión,ORG,,,
Magyarország,LOC,,,
Magyarországon,LOC,,,
Koncz Zsófia,PER,,,
Magyarország,LOC,,,
LMP,ORG,,,
Momentum,ORG,,,
Orbán Balázs,PER,,,
Ungár Péter,PER,,,
Európai Bizottság,ORG,,,
Országgyűlés,ORG,,,
Halász János,PER,,,
Fidesz,ORG,,,
Répássy Róbert,PER,,,
Halász János,PER,,,
Fidesz,ORG,,,
Halász János,PER,,,
Fidesz,ORG,,,
Elnök Úr,ORG,,,
Ház,ORG,,,
Államtitkár Úr,ORG,,,
Halász János,PER,,,
Répássy Róbert,PER,,,
Képviselő Úr,ORG,,,
Lukács László György,PER,,,
Simonka György,PER,,,
Brenner Koloman,PER,,,
Farkas Flórián,PER,,,
Képviselő Úr,ORG,,,
Országgyűlés,ORG,,,
Országgyűlésnek,ORG,,,
Halász,PER,,,
Fidesz,ORG,,,
Elnök Úr,ORG,,,
Ház,ORG,,,
Államtitkár Úr,ORG,,,
Lukács László György,PER,,,
Lukács László György,PER,,,
Dr. Brenner Koloman,PER,,,
Ház,ORG,,,
Brenner Koloman,PER,,,
Magyar Közlöny,ORG,,,
Hivatalos Értesítőben,ORG,,,
MSZP,ORG,,,
Országgyűlés,ORG,,,
Vejkey Imre,PER,,,
Koncz Zsófia,PER,,,
Vejkey Imre,PER,,,
Államtitkár Asszony,ORG,,,
Oroszország,LOC,,,
Jakab István,PER,,,
Országgyűlés,ORG,,,
Magyarországot,LOC,,,
Magyar kormány,ORG,,,
Rezsivédelmi Alap,ORG,,,
Márki-Zay Pétert,PER,,,
Frans Timmermans,PER,,,
Európai Bizottság,ORG,,,
Országgyűlés,ORG,,,
Koncz Zsófia,PER,,,
Országgyűlés,ORG,,,
Képviselő Úr,ORG,,,
Szabó Rebeka,PER,,,
Európa,LOC,,,
EU,ORG,,,
Magyarországnak,LOC,,,
Európának,LOC,,,
Vejkey Imre,PER,,,
Államtitkár Asszony,PER,,,
Országgyűlés,ORG,,,
Európában,LOC,,,
Magyarország,LOC,,,
Országgyűlés,ORG,,,
Sebián-Petrovszki László,PER,,,
Miniszter Úr,PER,,,
Fónagy János,PER,,,
Mé-száros Lőrinc,PER,,,
Garancsi István,PER,,,
Szíjj László,PER,,,
Honvédelmi Alapba,ORG,,,
Orbán Viktor,PER,,,
Orbán Győző,PER,,,
Tiborcz István,PER,,,
Honvédelmi Alap,ORG,,,
Országgyűlés,ORG,,,
Fónagy János,PER,,,
Miniszterelnöki Kabinetiroda,ORG,,,
Ház,ORG,,,
Képviselő Úr,ORG,,,
Magyarország,LOC,,,
Sebián-Petrovszki László,PER,,,
Honvédelmi Alapot,ORG,,,
Rezsivédelmi Alapot,ORG,,,
Honvédelmi Alapot,ORG,,,
Kálmán Olga,PER,,,
Országgyűlés,ORG,,,
Novák Előd,PER,,,
Fónagy János,PER,,,
Miniszterelnöki Kabinetiroda,ORG,,,
Országgyűlés,ORG,,,
Komáromi Zoltán,PER,,,
Elnök Úr,PER,,,
Államtitkár Úr,ORG,,,
Országgyűlés,ORG,,,
OKFŐ,ORG,,,
Országgyűlés,ORG,,,
Magyarország,LOC,,,
Országgyűlés,ORG,,,
Brenner Koloman,PER,,,
Elnök Úr,ORG,,,
Államtitkár Asszony,ORG,,,
Európai Unió,ORG,,,
Paks II.-t,ORG,,,
Országgyűlés,ORG,,,
Koncz Zsófia,PER,,,
Elnök Úr,ORG,,,
Országgyűlés,ORG,,,
Képviselő Úr,ORG,,,
Magyarország,LOC,,,
Európai Bizottság,ORG,,,
Országgyűlés,ORG,,,
Komjáthi Imre,PER,,,
MSZP,ORG,,,
MSZP,ORG,,,
Államtitkár Úr,ORG,,,
Normixra,ORG,,,
Országgyűlés,ORG,,,
Képviselő Úr,ORG,,,
Ház,ORG,,,
Goodwill Pharma Kft.,ORG,,,
Nemzeti Egészségbiztosítási Alapkezelő,ORG,,,
Országgyűlés,ORG,,,
Novák Előd,PER,,,
Mi Hazánk,ORG,,,
Magyarországra,LOC,,,
Szalay-Bobrovniczky Kristóf,PER,,,
Vargha Tamás,PER,,,
Mi Hazánk,PER,,,
Államtitkár Úr,ORG,,,
Magyarország,LOC,,,
Magyarországot,LOC,,,
Mi Hazánk Mozgalom,ORG,,,
Magyarország,LOC,,,
Mi Hazánk Mozgalom,ORG,,,
Ukrajnába,LOC,,,
Magyarországon,LOC,,,
Mi Hazánk,ORG,,,
Ukrajna,LOC,,,
Ukrajna,LOC,,,
Mi Hazánk Mozgalom,ORG,,,
Ukrajna,LOC,,,
Magyarországot,LOC,,,
Mi Hazánk,ORG,,,
Országgyűlés,ORG,,,
Vargha Tamás,PER,,,
Elnök Úr,ORG,,,
Országgyűlés,ORG,,,
Képviselő Úr,ORG,,,
Magyarország,LOC,,,
Magyarország,LOC,,,
Magyarországot,LOC,,,
Oroszország,LOC,,,
Oroszország,LOC,,,
Házban,ORG,,,
Magyarországnak,LOC,,,
Magyarország,LOC,,,
NATO,ORG,,,
NATO,ORG,,,
Magyarországon,LOC,,,
Magyar Honvédség,ORG,,,
Magyarország,LOC,,,
Országgyűlés,ORG,,,
Szabó Rebeka,PER,,,
Államtitkár Úr,ORG,,,
Oroszország,LOC,,,
Ukrajna,LOC,,,
Európában,LOC,,,
Országgyűlés,ORG,,,
Farkas Sándor,PER,,,
Elnök Úr,ORG,,,
Képviselő Asszony,ORG,,,
Magyarországon,LOC,,,
Magyarországon,LOC,,,
EU,ORG,,,
Országgyűlés,ORG,,,
Bakos Bernadett,PER,,,
LMP,ORG,,,
Fidesz,ORG,,,
Palkovics László,PER,,,
Bakos Bernadett,PER,,,
Ház,ORG,,,
Államtitkár Asszony,ORG,,,
Palkovics László,PER,,,
Államtitkár Asszony,ORG,,,
Palkovics László,PER,,,
Országgyűlés,ORG,,,
Koncz Zsófia,PER,,,
Országgyűlés,ORG,,,
Képviselő Asszony,ORG,,,
Magyarország,LOC,,,
Magyarországon,LOC,,,
Országgyűlés,ORG,,,
Fidesz,ORG,,,
Elnök Úr,ORG,,,
Államtitkár Asszony,ORG,,,
Országgyűlés,ORG,,,
Koncz Zsófia,PER,,,
Elnök Úr,ORG,,,
Országgyűlés,ORG,,,
Képviselő Asszony,ORG,,,
Technológiai és Ipari Minisztérium,ORG,,,
Országgyűlés,ORG,,,
Vejkey Imre,PER,,,
Államtitkár Úr,PER,,,
Magyarországon,LOC,,,
Államtitkár Úr,ORG,,,
Államtitkár Úr,ORG,,,
Országgyűlés,ORG,,,
Soltész Miklós,PER,,,
Miniszterelnökség,ORG,,,
Országgyűlés,ORG,,,
Képviselő Úr,ORG,,,
Kálmán Olga,PER,,,
Budapest,LOC,,,
Pest megye,LOC,,,
Országgyűlés,ORG,,,
Hegedüs Andrea,PER,,,
Elnök Úr,ORG,,,
Ház,ORG,,,
Orbán Viktor,PER,,,
Pedagógusok Szakszervezetének,ORG,,,
Orbán Viktor,PER,,,
DK,ORG,,,
Országgyűlés,ORG,,,
Képviselő Asszony,ORG,,,
Ház,ORG,,,
Gyurcsány Ferenccel,PER,,,
Magyarországon,LOC,,,
Magyarországon,LOC,,,
Magyarországon,LOC,,,
Hegedüs Andrea,PER,,,
Nemzeti Pedagógus Karral,ORG,,,
Nemzeti Pedagógus Karral,ORG,,,
Maruzsa,ORG,,,
Pedagógus Karral,ORG,,,
Országgyűlés,ORG,,,
Ovádi Péter,PER,,,
Fidesz,ORG,,,
Pannon Egyetemen,ORG,,,
Fidesz,ORG,,,
Elnök Úr,ORG,,,
Államtitkár Asszony,ORG,,,
Pannon Egyetem,ORG,,,
Pannon Egyetemért Alapítvány,ORG,,,
Pannon Egyetem,ORG,,,
Pannon Egyetemen,ORG,,,
Országgyűlés,ORG,,,
Vitályos Eszter,PER,,,
Képviselő Úr,ORG,,,
Pannon Egyetem,ORG,,,
Képviselő Úr,ORG,,,
Magyarországon,LOC,,,
Európai Unió,ORG,,,
Pannon Egyetem,ORG,,,
Pannon Egyetem,ORG,,,
Országgyűlés,ORG,,,
Tuzson Bence,PER,,,
Fidesz,ORG,,,
Országgyűlés,ORG,,,
Göd,LOC,,,
Csomád,LOC,,,
Csömör,LOC,,,
Erdőkertes,LOC,,,
Veresegyház,LOC,,,
Pest megye,LOC,,,
Szent István,PER,,,
Krisztus Király Iskola,PER,,,
Duna,LOC,,,
Duna,LOC,,,
Duna,LOC,,,
Huzella Kert,ORG,,,
Arany János,PER,,,
Eötvös Loránd Tudományegyetemhez,ORG,,,
Fővárosi Füvészkerthez,ORG,,,
Huzella Kertet,PER,,,
Országgyűlés,ORG,,,
Varju László,PER,,,
Újpesten,LOC,,,
Ház,ORG,,,
Újpesten,LOC,,,
Angyalföldön,LOC,,,
Országház,ORG,,,
Újpesten,ORG,,,
Budapest,LOC,,,
Országgyűlés,ORG,,,
Hegedüs Andrea,PER,,,
Miskolc,LOC,,,
Elnök Úr,PER,,,
Ház,ORG,,,
Miskolcot,LOC,,,
Zöld Nyíl,PER,,,
Budapesten,LOC,,,
MVK Zrt.,ORG,,,
Miskolcot,LOC,,,
Miskolc,LOC,,,
Demokratikus Koalíció,ORG,,,
Miskolc,LOC,,,
Csöbör Katalinnak,PER,,,
Kiss Jánosnak,PER,,,
Kovács Zsoltnak,PER,,,
Varga Juditnak,PER,,,
Répássy Róbertnek,PER,,,
Szinay Attilának,PER,,,
Varju László,PER,,,
Országgyűlés,ORG,,,
Bencze János,PER,,,
Elnök Úr,PER,,,
Országgyűlés,ORG,,,
Országgyűlés,ORG,,,
Budapest,LOC,,,
Kossuth,LOC,,,
Budapest,LOC,,,
Országházlátogatás,LOC,,,
Weboldalunkon,LOC,,,