uspacy pos (sima upos),huspacy tag (detailed pos),huspacy em ud tag,emagyar pos,emagyarpos,,tokenek,ures,huspacy normal,huspacy detailed,huspacy em,emagyar,,
FALSE,|PROPN|,|PROPN|,|[]|,|NOUN|,,(ELNÖK ELNÖK),,ok,ok,n,n,,
FALSE,|PUNCT|,|PUNCT|,|[]|,|PUNCT|,,(: :),,ok,ok,n,ok,,
FALSE,|PUNCT|,|PUNCT|,|[]|,|PUNCT|,,(( (),,ok,ok,n,ok,,
TRUE,|DET|,|DET|,|DET|,|DET|,,(A A),,,,,,,
TRUE,|NOUN|,|NOUN|,|NOUN|,|NOUN|,,(teremben teremben),,,,,,,
FALSE,|NOUN|,|ADJ|,|[]|,|ADJ|,,(lévők lévők),,?,?,?,?,,
TRUE,|VERB|,|VERB|,|VERB|,|VERB|,,(felállnak felállnak),,,,,,,
FALSE,|PUNCT|,|PUNCT|,|[]|,|PUNCT|,,"(, ,)",,ok,ok,n,ok,,
TRUE,|CCONJ|,|CCONJ|,|CCONJ|,|CCONJ|,,(és és),,,,,,,
TRUE,|PRON|,|PRON|,|PRON|,|PRON|,,(ezzel ezzel),,,,,,,
TRUE,|VERB|,|VERB|,|VERB|,|VERB|,,(köszöntik köszöntik),,,,,,,
TRUE,|DET|,|DET|,|DET|,|DET|,,(a a),,,,,,,
TRUE,|NOUN|,|NOUN|,|NOUN|,|NOUN|,,(választópolgárok választópolgárok),,,,,,,
TRUE,|NOUN|,|NOUN|,|NOUN|,|NOUN|,,(közösségét közösségét),,,,,,,
FALSE,|PUNCT|,|PUNCT|,|[]|,|PUNCT|,,(. .),,ok,ok,n,ok,,
FALSE,|ADV|,|ADV|,|[]|,|PRON|,,(Amikor Amikor),,n,n,n,ok,,
TRUE,|DET|,|DET|,|DET|,|DET|,,(az az),,,,,,,
TRUE,|NOUN|,|NOUN|,|NOUN|,|NOUN|,,(ülést ülést),,,,,,,
TRUE,|ADJ|,|ADJ|,|ADJ|,|ADJ|,,(vezető vezető),,,,,,,
TRUE,|NOUN|,|NOUN|,|NOUN|,|NOUN|,,(elnök elnök),,,,,,,
TRUE,|NOUN|,|NOUN|,|NOUN|,|NOUN|,,(helyet helyet),,,,,,,
TRUE,|VERB|,|VERB|,|VERB|,|VERB|,,(foglal foglal),,,,,,,
FALSE,|PUNCT|,|PUNCT|,|[]|,|PUNCT|,,"(, ,)",,ok,ok,n,ok,,
TRUE,|DET|,|DET|,|DET|,|DET|,,(a a),,,,,,,
TRUE,|NOUN|,|NOUN|,|NOUN|,|NOUN|,,(teremben teremben),,,,,,,
FALSE,|NOUN|,|NOUN|,|[]|,|ADJ|,,(lévők lévők),,?,?,?,?,,
FALSE,|CCONJ|,|CCONJ|,|[]|,|ADV|,,(is is),,ok?,ok?,n,n,,
TRUE,|VERB|,|VERB|,|VERB|,|VERB|,,(leülnek leülnek.),,,,,,,
huspacy,|PUNCT|,|PUNCT|,|[]|,,,(.),,,,,,,
FALSE,|PUNCT|,|PUNCT|,|[]|,|PUNCT|,,() )),,ok,ok,n,ok,,
FALSE,|VERB|,|VERB|,|VERB|,|ADJ|,,(Tisztelt Tisztelt),,- ,-,-,-,,
FALSE,|NOUN|,|PROPN|,|NOUN|,|NOUN|,,(Képviselőtársaim Képviselőtársaim),,ok,n,ok,n,,
FALSE,|PUNCT|,|PUNCT|,|[]|,|PUNCT|,,(! !),,ok,ok,n,ok,,
TRUE,|DET|,|DET|,|DET|,|DET|,,(Az Az),,,,,,,
FALSE,|PROPN|,|PROPN|,|[]|,|NOUN|,,(Országgyűlés Országgyűlés),,ok,ok,n,n,,
TRUE,|ADJ|,|ADJ|,|ADJ|,|ADJ|,,(nyári nyári),,,,,,,
TRUE,|ADJ|,|ADJ|,|ADJ|,|ADJ|,,(rendkívüli rendkívüli),,,,,,,
TRUE,|NOUN|,|NOUN|,|NOUN|,|NOUN|,,(ülésének ülésének),,,,,,,
TRUE,|ADJ|,|ADJ|,|ADJ|,|ADJ|,,(1. 1.),,,,,,,
TRUE,|NOUN|,|NOUN|,|NOUN|,|NOUN|,,(ülésnapját ülésnapját),,,,,,,
TRUE,|VERB|,|VERB|,|VERB|,|VERB|,,(megnyitom megnyitom),,,,,,,
FALSE,|PUNCT|,|PUNCT|,|[]|,|PUNCT|,,(. .),,ok,ok,n,ok,,
TRUE,|VERB|,|VERB|,|VERB|,|VERB|,,(Tájékoztatom Tájékoztatom),,,,,,,
FALSE,|NOUN|,|NOUN|,|[]|,|PRON|,,(önöket önöket),,n,n,n,ok,,
FALSE,|PUNCT|,|PUNCT|,|[]|,|PUNCT|,,"(, ,)",,ok,ok,n,ok,,
TRUE,|SCONJ|,|SCONJ|,|SCONJ|,|SCONJ|,,(hogy hogy),,,,,,,
TRUE,|DET|,|DET|,|DET|,|DET|,,(az az),,,,,,,
TRUE,|NOUN|,|NOUN|,|NOUN|,|NOUN|,,(ülés ülés),,,,,,,
TRUE,|NOUN|,|NOUN|,|NOUN|,|NOUN|,,(vezetésében vezetésében),,,,,,,
TRUE,|PROPN|,|PROPN|,|PROPN|,|PROPN|,,(Szűcs Szűcs),,,,,,,
TRUE,|PROPN|,|PROPN|,|PROPN|,|PROPN|,,(Lajos Lajos),,,,,,,
TRUE,|CCONJ|,|CCONJ|,|CCONJ|,|CCONJ|,,(és és),,,,,,,
FALSE,|PROPN|,|PROPN|,|[]|,|ADJ|,,(Hiszékeny Hiszékeny),,ok,ok,n,n,,
TRUE,|PROPN|,|PROPN|,|PROPN|,|PROPN|,,(Dezső Dezső),,,,,,,
TRUE,|NOUN|,|NOUN|,|NOUN|,|NOUN|,,(jegyző jegyző),,,,,,,
TRUE,|NOUN|,|NOUN|,|NOUN|,|NOUN|,,(urak urak),,,,,,,
FALSE,|VERB|,|AUX|,|VERB|,|VERB|,,(lesznek lesznek),,ok,n,ok,ok,,
TRUE,|NOUN|,|NOUN|,|NOUN|,|NOUN|,,(segítségemre segítségemre),,,,,,,
FALSE,|PUNCT|,|PUNCT|,|[]|,|PUNCT|,,(. .),,ok,ok,n,ok,,
TRUE,|VERB|,|VERB|,|VERB|,|VERB|,,(Köszöntök Köszöntök),,,,,,,
TRUE,|PRON|,|PRON|,|PRON|,|PRON|,,(mindenkit mindenkit),,,,,,,
FALSE,|PUNCT|,|PUNCT|,|[]|,|PUNCT|,,"(, ,)",,ok,ok,n,ok,,
TRUE,|PRON|,|PRON|,|PRON|,|PRON|,,(aki aki),,,,,,,
TRUE,|NOUN|,|NOUN|,|NOUN|,|NOUN|,,(figyelemmel figyelemmel),,,,,,,
TRUE,|VERB|,|VERB|,|VERB|,|VERB|,,(kíséri kíséri),,,,,,,
TRUE,|NOUN|,|NOUN|,|NOUN|,|NOUN|,,(munkánkat munkánkat),,,,,,,
FALSE,|PUNCT|,|PUNCT|,|[]|,|PUNCT|,,(. .),,ok,ok,n,ok,,
FALSE,|NOUN|,|NOUN|,|[]|,|ADJ|,,(Tisztelt Tisztelt),,n,n,n,ok?,,
FALSE,|PROPN|,|PROPN|,|[]|,|NOUN|,,(Ház Ház),,ok,ok,n,ok,,
FALSE,|PUNCT|,|PUNCT|,|[]|,|PUNCT|,,(! !),,ok,ok,n,ok,,
TRUE,|VERB|,|VERB|,|VERB|,|VERB|,,(Tájékoztatom Tájékoztatom),,,,,,,
FALSE,|NOUN|,|NOUN|,|[]|,|PRON|,,(önöket önöket),,n,n,n,ok,,
FALSE,|PUNCT|,|PUNCT|,|[]|,|PUNCT|,,"(, ,)",,ok,ok,n,ok,,
TRUE,|SCONJ|,|SCONJ|,|SCONJ|,|SCONJ|,,(hogy hogy),,,,,,,
TRUE,|DET|,|DET|,|DET|,|DET|,,(a a),,,,,,,
TRUE,|NOUN|,|NOUN|,|NOUN|,|NOUN|,,(kormány kormány),,,,,,,
TRUE,|DET|,|DET|,|DET|,|DET|,,(az az),,,,,,,
FALSE,|PROPN|,|PROPN|,|[]|,|NOUN|,,(Országgyűlésről Országgyűlésről),,ok,ok,n,n,,
TRUE,|ADJ|,|ADJ|,|ADJ|,|ADJ|,,(szóló szóló),,,,,,,
TRUE,|NOUN|,|NOUN|,|NOUN|,|NOUN|,,(törvény törvény),,,,,,,
TRUE,|ADJ|,|ADJ|,|ADJ|,|ADJ|,,(35. 35.),,,,,,,
FALSE,|PUNCT|,|PUNCT|,|[]|,|NOUN|,,(§ §),,ok,ok,n,n,,
FALSE,|PUNCT|,|PUNCT|,|[]|,|PUNCT|,,(( (),,ok,ok,n,ok,,
FALSE,|PROPN|,|PROPN|,|[]|,|ADJ|,,(1 1)),,n,n,n,n,,
huspacy,|PUNCT|,|PUNCT|,|[]|,,,()),,,,,,,
TRUE,|NOUN|,|NOUN|,|NOUN|,|NOUN|,,(bekezdésében bekezdésében),,,,,,,
FALSE,|NOUN|,|NOUN|,|[]|,|ADJ|,,(foglaltak foglaltak),,ok,ok,n,n,,
TRUE,|NOUN|,|NOUN|,|NOUN|,|NOUN|,,(alapján alapján),,,,,,,
TRUE,|DET|,|DET|,|DET|,|DET|,,(az az),,,,,,,
FALSE,|PROPN|,|PROPN|,|[]|,|NOUN|,,(Országgyűlés Országgyűlés),,ok,ok,n,n,,
TRUE,|ADJ|,|ADJ|,|ADJ|,|ADJ|,,(rendkívüli rendkívüli),,,,,,,
TRUE,|NOUN|,|NOUN|,|NOUN|,|NOUN|,,(ülésének ülésének),,,,,,,
TRUE,|NOUN|,|NOUN|,|NOUN|,|NOUN|,,(összehívását összehívását),,,,,,,
TRUE,|VERB|,|VERB|,|VERB|,|VERB|,,(kezdeményezte kezdeményezte),,,,,,,
FALSE,|ADJ|,|VERB|,|ADJ|,|ADJ|,,(2022. 2022.),,n,n,n,n,,
TRUE,|NOUN|,|NOUN|,|NOUN|,|NOUN|,,(június június),,,,,,,
TRUE,|NOUN|,|NOUN|,|NOUN|,|NOUN|,,(20-a 20-a),,,,,,,
TRUE,|CCONJ|,|CCONJ|,|CCONJ|,|CCONJ|,,(és és),,,,,,,
TRUE,|NOUN|,|NOUN|,|NOUN|,|NOUN|,,(június június),,,,,,,
FALSE,|PROPN|,|PROPN|,|[]|,|NOUN|,,(24e 24e),,n,n,n,n,,
TRUE,|ADJ|,|ADJ|,|ADJ|,|ADJ|,,(közötti közötti),,,,,,,
TRUE,|NOUN|,|NOUN|,|NOUN|,|NOUN|,,(időre időre),,,,,,,
FALSE,|PUNCT|,|PUNCT|,|[]|,|PUNCT|,,(. .),,ok,ok,n,ok,,
TRUE,|DET|,|DET|,|DET|,|DET|,,(A A),,,,,,,
TRUE,|NOUN|,|NOUN|,|NOUN|,|NOUN|,,(levelet levelet),,,,,,,
TRUE,|CCONJ|,|CCONJ|,|CCONJ|,|CCONJ|,,(és és),,,,,,,
TRUE,|PRON|,|PRON|,|PRON|,|PRON|,,(annak annak),,,,,,,
TRUE,|NOUN|,|NOUN|,|NOUN|,|NOUN|,,(mellékletét mellékletét),,,,,,,
FALSE,|PUNCT|,|PUNCT|,|[]|,|PUNCT|,,"(, ,)",,ok,ok,n,ok,,
TRUE,|CCONJ|,|CCONJ|,|CCONJ|,|CCONJ|,,(valamint valamint),,,,,,,
TRUE,|DET|,|DET|,|DET|,|DET|,,(a a),,,,,,,
TRUE,|PROPN|,|PROPN|,|PROPN|,|PROPN|,,(Fidesz Fidesz),,,,,,,
TRUE,|NOUN|,|NOUN|,|NOUN|,|NOUN|,,(képviselőcsoportjának képviselőcsoportjának),,,,,,,
TRUE,|NOUN|,|NOUN|,|NOUN|,|NOUN|,,(indítványát indítványát),,,,,,,
TRUE,|DET|,|DET|,|DET|,|DET|,,(a a),,,,,,,
TRUE,|ADJ|,|ADJ|,|ADJ|,|ADJ|,,(rendkívüli rendkívüli),,,,,,,
TRUE,|NOUN|,|NOUN|,|NOUN|,|NOUN|,,(ülés ülés),,,,,,,
TRUE,|ADJ|,|ADJ|,|ADJ|,|ADJ|,,(napirendi napirendi),,,,,,,
TRUE,|NOUN|,|NOUN|,|NOUN|,|NOUN|,,(javaslatának javaslatának),,,,,,,
TRUE,|NOUN|,|NOUN|,|NOUN|,|NOUN|,,(kiegészítésére kiegészítésére),,,,,,,
TRUE,|ADJ|,|ADJ|,|ADJ|,|ADJ|,,(vonatkozóan vonatkozóan),,,,,,,
TRUE,|DET|,|DET|,|DET|,|DET|,,(a a),,,,,,,
TRUE,|NOUN|,|NOUN|,|NOUN|,|NOUN|,,(honlapon honlapon),,,,,,,
TRUE,|VERB|,|VERB|,|VERB|,|VERB|,,(megismerhették megismerhették),,,,,,,
FALSE,|PUNCT|,|PUNCT|,|[]|,|PUNCT|,,(. .),,ok,ok,n,ok,,
FALSE,|NOUN|,|NOUN|,|[]|,|ADJ|,,(Tisztelt Tisztelt),,n,n,n,ok?,,
FALSE,|PROPN|,|PROPN|,|[]|,|NOUN|,,(Országgyűlés Országgyűlés),,ok,ok,n,n,,
FALSE,|PUNCT|,|PUNCT|,|[]|,|PUNCT|,,(! !),,ok,ok,n,ok,,
TRUE,|ADV|,|ADV|,|ADV|,|ADV|,,(Most Most),,,,,,,
TRUE,|DET|,|DET|,|DET|,|DET|,,(a a),,,,,,,
TRUE,|NOUN|,|NOUN|,|NOUN|,|NOUN|,,(napirend napirend),,,,,,,
TRUE,|ADJ|,|ADJ|,|ADJ|,|ADJ|,,(előtti előtti),,,,,,,
TRUE,|NOUN|,|NOUN|,|NOUN|,|NOUN|,,(hozzászólásokra hozzászólásokra),,,,,,,
TRUE,|VERB|,|VERB|,|VERB|,|VERB|,,(kerül kerül),,,,,,,
TRUE,|NOUN|,|NOUN|,|NOUN|,|NOUN|,,(sor sor),,,,,,,
FALSE,|PUNCT|,|PUNCT|,|[]|,|PUNCT|,,(. .),,ok,ok,n,ok,,
FALSE,|NOUN|,|PROPN|,|[]|,|ADJ|,,(Elsőként Elsőként),,n,n,n,n,,
FALSE,|PROPN|,|PROPN|,|[]|,|PROPN|,,(Ungár Ungár),,ok,ok,n,ok,,
TRUE,|PROPN|,|PROPN|,|PROPN|,|PROPN|,,(Péter Péter),,,,,,,
FALSE,|NOUN|,|ADJ|,|NOUN|,|ADJ|,,(frakcióvezető frakcióvezető),,ok,n,ok,n,,
TRUE,|NOUN|,|NOUN|,|NOUN|,|NOUN|,,(úrnak úrnak),,,,,,,
TRUE,|VERB|,|VERB|,|VERB|,|VERB|,,(adom adom),,,,,,,
TRUE,|PART|,|PART|,|PART|,|PART|,,(meg meg),,,,,,,
TRUE,|DET|,|DET|,|DET|,|DET|,,(a a),,,,,,,
TRUE,|NOUN|,|NOUN|,|NOUN|,|NOUN|,,(szót szót),,,,,,,
FALSE,|PUNCT|,|PUNCT|,|[]|,|PUNCT|,,"(, ,)",,ok,ok,n,ok,,
TRUE,|DET|,|DET|,|DET|,|DET|,,(az az),,,,,,,
FALSE,|PROPN|,|PROPN|,|[]|,|PROPN|,,(LMP LMP),,ok,ok,n,ok,,
FALSE,|NOUN|,|NOUN|,|NOUN|,|ADP|,,(részéről részéről),,n,n,n,ok,,
FALSE,|PUNCT|,|PUNCT|,|[]|,|PUNCT|,,(. .),,ok,ok,n,ok,,
TRUE,|VERB|,|VERB|,|VERB|,|VERB|,,(Parancsoljon Parancsoljon),,,,,,,
FALSE,|PUNCT|,|PUNCT|,|[]|,|PUNCT|,,(! !),,ok,ok,n,ok,,
FALSE,|PROPN|,|PROPN|,|[]|,|PROPN|,,(UNGÁR UNGÁR),,ok,ok,n,ok,,
TRUE,|PROPN|,|PROPN|,|PROPN|,|PROPN|,,(PÉTER PÉTER),,,,,,,
FALSE,|PUNCT|,|PUNCT|,|[]|,|PUNCT|,,(( (),,ok,ok,n,ok,,
FALSE,|PROPN|,|PROPN|,|[]|,|PROPN|,,(LMP LMP),,ok,ok,n,ok,,
FALSE,|PUNCT|,|PUNCT|,|[]|,|PUNCT|,,(): ):),,ok,ok,n,ok,,
TRUE,|VERB|,|VERB|,|VERB|,|VERB|,,(Köszönöm Köszönöm),,,,,,,
TRUE,|DET|,|DET|,|DET|,|DET|,,(a a),,,,,,,
TRUE,|NOUN|,|NOUN|,|NOUN|,|NOUN|,,(szót szót),,,,,,,
FALSE,|PUNCT|,|PUNCT|,|[]|,|PUNCT|,,(. .),,ok,ok,n,ok,,
FALSE,|NOUN|,|NOUN|,|[]|,|ADJ|,,(Tisztelt Tisztelt),,n,n,n,ok?,,
FALSE,|PROPN|,|PROPN|,|[]|,|NOUN|,,(Országgyűlés Országgyűlés),,ok,ok,n,n,,
FALSE,|PUNCT|,|PUNCT|,|[]|,|PUNCT|,,(! !),,ok,ok,n,ok,,
TRUE,|NOUN|,|NOUN|,|NOUN|,|NOUN|,,(Összességében Összességében),,,,,,,
TRUE,|DET|,|DET|,|DET|,|DET|,,(az az),,,,,,,
TRUE,|NUM|,|NUM|,|NUM|,|NUM|,,(1990 1990),,,,,,,
TRUE,|ADP|,|ADP|,|ADP|,|ADP|,,(óta óta),,,,,,,
TRUE,|ADJ|,|ADJ|,|ADJ|,|ADJ|,,(tartó tartó),,,,,,,
TRUE,|NOUN|,|NOUN|,|NOUN|,|NOUN|,,(folyamat folyamat),,,,,,,
FALSE,|PUNCT|,|PUNCT|,|[]|,|PUNCT|,,"(, ,)",,ok,ok,n,ok,,
TRUE,|PRON|,|PRON|,|PRON|,|PRON|,,(amely amely),,,,,,,
TRUE,|DET|,|DET|,|DET|,|DET|,,(az az),,,,,,,
FALSE,|NOUN|,|NOUN|,|[]|,|PROPN|,,(EU-integráció EU-integráció),,ok,ok,n,n?,,
TRUE,|NOUN|,|NOUN|,|NOUN|,|NOUN|,,(folyamata folyamata),,,,,,,
FALSE,|AUX|,|AUX|,|[]|,|VERB|,,(volt volt),,n,n,n,ok,,
FALSE,|PUNCT|,|PUNCT|,|[]|,|PUNCT|,,"(, ,)",,ok,ok,n,ok,,
TRUE,|ADV|,|ADV|,|ADV|,|ADV|,,(nagyon nagyon),,,,,,,
FALSE,|DET|,|DET|,|[]|,|NUM|,,(sok sok),,n,n,n,ok,,
TRUE,|NOUN|,|NOUN|,|NOUN|,|NOUN|,,(előnnyel előnnyel),,,,,,,
TRUE,|VERB|,|VERB|,|VERB|,|VERB|,,(járt járt),,,,,,,
TRUE,|PROPN|,|PROPN|,|PROPN|,|PROPN|,,(Magyarország Magyarország),,,,,,,
TRUE,|ADP|,|ADP|,|ADP|,|ADP|,,(számára számára),,,,,,,
FALSE,|PUNCT|,|PUNCT|,|[]|,|PUNCT|,,"(, ,)",,ok,ok,n,ok,,
TRUE,|DET|,|DET|,|DET|,|DET|,,(a a),,,,,,,
TRUE,|NOUN|,|NOUN|,|NOUN|,|NOUN|,,(tervgazdaság tervgazdaság),,,,,,,
TRUE,|NOUN|,|NOUN|,|NOUN|,|NOUN|,,(romjain romjain),,,,,,,
FALSE,|VERB|,|VERB|,|VERB|,|ADJ|,,(kialakult kialakult),,ok,ok,ok,n,,
TRUE,|DET|,|DET|,|DET|,|DET|,,(egy egy),,,,,,,
FALSE,|ADJ|,|ADJ|,|[]|,|PRON|,,(olyan olyan),,n,n,n,ok,,
TRUE,|NOUN|,|NOUN|,|NOUN|,|NOUN|,,(gazdaság gazdaság),,,,,,,
FALSE,|PUNCT|,|PUNCT|,|[]|,|PUNCT|,,"(, ,)",,ok,ok,n,ok,,
TRUE,|PRON|,|PRON|,|PRON|,|PRON|,,(amelyben amelyben),,,,,,,
FALSE,|DET|,|DET|,|[]|,|NUM|,,(több több),,n,n,n,ok,,
TRUE,|NOUN|,|NOUN|,|NOUN|,|NOUN|,,(szabadsága szabadsága),,,,,,,
TRUE,|VERB|,|VERB|,|VERB|,|VERB|,,(van van),,,,,,,
TRUE,|DET|,|DET|,|DET|,|DET|,,(az az),,,,,,,
TRUE,|NOUN|,|NOUN|,|NOUN|,|NOUN|,,(embereknek embereknek),,,,,,,
FALSE,|PUNCT|,|PUNCT|,|[]|,|PUNCT|,,(. .),,ok,ok,n,ok,,
TRUE,|DET|,|DET|,|DET|,|DET|,,(A A),,,,,,,
TRUE,|NOUN|,|NOUN|,|NOUN|,|NOUN|,,(helyzet helyzet),,,,,,,
TRUE,|PRON|,|PRON|,|PRON|,|PRON|,,(az az),,,,,,,
FALSE,|PUNCT|,|PUNCT|,|[]|,|PUNCT|,,"(, ,)",,ok,ok,n,ok,,
TRUE,|SCONJ|,|SCONJ|,|SCONJ|,|SCONJ|,,(hogy hogy),,,,,,,
TRUE,|DET|,|DET|,|DET|,|DET|,,(az az),,,,,,,
TRUE,|ADJ|,|ADJ|,|ADJ|,|ADJ|,,(elmúlt elmúlt),,,,,,,
TRUE,|NUM|,|NUM|,|NUM|,|NUM|,,(12 12),,,,,,,
TRUE,|NOUN|,|NOUN|,|NOUN|,|NOUN|,,(év év),,,,,,,
TRUE,|ADV|,|ADV|,|ADV|,|ADV|,,(tulajdonképpen tulajdonképpen),,,,,,,
TRUE,|PRON|,|PRON|,|PRON|,|PRON|,,(arról arról),,,,,,,
TRUE,|VERB|,|VERB|,|VERB|,|VERB|,,(szólt szólt),,,,,,,
FALSE,|PUNCT|,|PUNCT|,|[]|,|PUNCT|,,"(, ,)",,ok,ok,n,ok,,
TRUE,|SCONJ|,|SCONJ|,|SCONJ|,|SCONJ|,,(hogy hogy),,,,,,,
TRUE,|DET|,|DET|,|DET|,|DET|,,(a a),,,,,,,
TRUE,|ADJ|,|ADJ|,|ADJ|,|ADJ|,,(nemzetközi nemzetközi),,,,,,,
FALSE,|ADJ|,|ADJ|,|ADJ|,|NOUN|,,(neoliberális neoliberális),,ok,ok,ok,ok,ehhez kell kontextus,hogy a nemzetközi neoliberális gazdasági rendszerbe sikeresen betagozódjon
TRUE,|ADJ|,|ADJ|,|ADJ|,|ADJ|,,(gazdasági gazdasági),,,,,,,
TRUE,|NOUN|,|NOUN|,|NOUN|,|NOUN|,,(rendszerbe rendszerbe),,,,,,,
TRUE,|ADJ|,|ADJ|,|ADJ|,|ADJ|,,(sikeresen sikeresen),,,,,,,
TRUE,|VERB|,|VERB|,|VERB|,|VERB|,,(betagozódjon betagozódjon),,,,,,,
TRUE,|DET|,|DET|,|DET|,|DET|,,(az az),,,,,,,
TRUE,|NOUN|,|NOUN|,|NOUN|,|NOUN|,,(ország ország),,,,,,,
FALSE,|PUNCT|,|PUNCT|,|[]|,|PUNCT|,,"(, ,)",,ok,ok,n,ok,,
TRUE,|CCONJ|,|CCONJ|,|CCONJ|,|CCONJ|,,(de de),,,,,,,
TRUE,|ADV|,|ADV|,|ADV|,|ADV|,,(nagyon nagyon),,,,,,,
FALSE,|DET|,|NUM|,|[]|,|NUM|,,(keveset keveset),,n,ok,n,ok,,
TRUE,|VERB|,|VERB|,|VERB|,|VERB|,,(beszéltünk beszéltünk),,,,,,,
FALSE,|DET|,|DET|,|[]|,|PRON|,,(azokról azokról),,n,n,n,ok,,
TRUE,|DET|,|DET|,|DET|,|DET|,,(a a),,,,,,,
TRUE,|NOUN|,|NOUN|,|NOUN|,|NOUN|,,(hátrányokról hátrányokról),,,,,,,
FALSE,|PUNCT|,|PUNCT|,|[]|,|PUNCT|,,"(, ,)",,ok,ok,n,ok,,
TRUE,|PRON|,|PRON|,|PRON|,|PRON|,,(amelyeket amelyeket),,,,,,,
FALSE,|DET|,|DET|,|[]|,|PRON|,,(ez ez),,n,n,n,ok,,
TRUE,|DET|,|DET|,|DET|,|DET|,,(az az),,,,,,,
TRUE,|ADJ|,|ADJ|,|ADJ|,|ADJ|,,(elmúlt elmúlt),,,,,,,
TRUE,|NUM|,|NUM|,|NUM|,|NUM|,,(30 30),,,,,,,
TRUE,|NOUN|,|NOUN|,|NOUN|,|NOUN|,,(év év),,,,,,,
TRUE,|VERB|,|VERB|,|VERB|,|VERB|,,(okozott okozott),,,,,,,
FALSE,|PUNCT|,|PUNCT|,|[]|,|PUNCT|,,(. .),,ok,ok,n,ok,,
TRUE,|DET|,|DET|,|DET|,|DET|,,(A A),,,,,,,
TRUE,|ADJ|,|ADJ|,|ADJ|,|ADJ|,,(magyar magyar),,,,,,,
TRUE,|NOUN|,|NOUN|,|NOUN|,|NOUN|,,(feldolgozóipar feldolgozóipar),,,,,,,
TRUE,|VERB|,|VERB|,|VERB|,|VERB|,,(megszűnt megszűnt),,,,,,,
FALSE,|PUNCT|,|PUNCT|,|[]|,|PUNCT|,,"(, ,)",,ok,ok,n,ok,,
TRUE,|CCONJ|,|CCONJ|,|CCONJ|,|CCONJ|,,(és és),,,,,,,
TRUE,|DET|,|DET|,|DET|,|DET|,,(az az),,,,,,,
TRUE,|NOUN|,|NOUN|,|NOUN|,|NOUN|,,(agyelszívás agyelszívás),,,,,,,
TRUE,|ADP|,|ADP|,|ADP|,|ADP|,,(miatt miatt),,,,,,,
TRUE,|ADV|,|ADV|,|ADV|,|ADV|,,(tulajdonképpen tulajdonképpen),,,,,,,
FALSE,|ADJ|,|ADJ|,|[]|,|PRON|,,(olyan olyan),,n,n,n,ok,,
TRUE,|NOUN|,|NOUN|,|NOUN|,|NOUN|,,(embereket embereket),,,,,,,
TRUE,|VERB|,|VERB|,|VERB|,|VERB|,,(képzünk képzünk),,,,,,,
FALSE,|PUNCT|,|PUNCT|,|[]|,|PUNCT|,,"(, ,)",,ok,ok,n,ok,,
TRUE,|PRON|,|PRON|,|PRON|,|PRON|,,(akik akik),,,,,,,
TRUE,|DET|,|DET|,|DET|,|DET|,,(a a),,,,,,,
TRUE,|ADJ|,|ADJ|,|ADJ|,|ADJ|,,(nyugati nyugati),,,,,,,
TRUE,|NOUN|,|NOUN|,|NOUN|,|NOUN|,,(bérelőny bérelőny),,,,,,,
TRUE,|ADP|,|ADP|,|ADP|,|ADP|,,(miatt miatt),,,,,,,
TRUE,|ADV|,|ADV|,|ADV|,|ADV|,,(nem nem),,,,,,,
TRUE,|VERB|,|VERB|,|VERB|,|VERB|,,(tudják tudják),,,,,,,
TRUE,|VERB|,|VERB|,|VERB|,|VERB|,,(megtalálni megtalálni),,,,,,,
TRUE,|PROPN|,|PROPN|,|PROPN|,|PROPN|,,(Magyarországon Magyarországon),,,,,,,
TRUE,|DET|,|DET|,|DET|,|DET|,,(a a),,,,,,,
TRUE,|NOUN|,|NOUN|,|NOUN|,|NOUN|,,(számításukat számításukat),,,,,,,
FALSE,|PUNCT|,|PUNCT|,|[]|,|PUNCT|,,(. .),,ok,ok,n,ok,,
TRUE,|PROPN|,|PROPN|,|PROPN|,|PROPN|,,(Thomas Thomas),,,,,,,
FALSE,|PROPN|,|PROPN|,|[]|,|PROPN|,,(Piketty Piketty),,ok,ok,n,ok,,
TRUE,|NOUN|,|NOUN|,|NOUN|,|NOUN|,,(közgazdász közgazdász),,,,,,,
TRUE,|PRON|,|PRON|,|PRON|,|PRON|,,(azt azt),,,,,,,
TRUE,|VERB|,|VERB|,|VERB|,|VERB|,,(mondta mondta),,,,,,,
FALSE,|PUNCT|,|PUNCT|,|[]|,|PUNCT|,,"(, ,)",,ok,ok,n,ok,,
TRUE,|PRON|,|PRON|,|PRON|,|PRON|,,(azt azt),,,,,,,
TRUE,|VERB|,|VERB|,|VERB|,|VERB|,,(számolta számolta),,,,,,,
FALSE,|ADV|,|ADV|,|[]|,|ADV|,,(ki ki),,?,?,?,?,,
TRUE,|ADV|,|ADV|,|ADV|,|ADV|,,(nemrég nemrég),,,,,,,
FALSE,|PUNCT|,|PUNCT|,|[]|,|PUNCT|,,"(, ,)",,ok,ok,n,ok,,
TRUE,|SCONJ|,|SCONJ|,|SCONJ|,|SCONJ|,,(hogy hogy),,,,,,,
TRUE,|PRON|,|PRON|,|PRON|,|PRON|,,(amennyi amennyi),,,,,,,
TRUE,|NOUN|,|NOUN|,|NOUN|,|NOUN|,,(pénzt pénzt),,,,,,,
TRUE,|PROPN|,|PROPN|,|PROPN|,|PROPN|,,(Magyarország Magyarország),,,,,,,
TRUE,|VERB|,|VERB|,|VERB|,|VERB|,,(kap kap),,,,,,,
TRUE,|DET|,|DET|,|DET|,|DET|,,(az az),,,,,,,
FALSE,|PROPN|,|PROPN|,|[]|,|ADJ|,,(Európai Európai),,ok,ok,n,n?,,
FALSE,|PROPN|,|PROPN|,|[]|,|NOUN|,,(Uniótól Uniótól),,ok,ok,n,n?,,
TRUE,|NOUN|,|NOUN|,|NOUN|,|NOUN|,,(támogatásként támogatásként),,,,,,,
FALSE,|PUNCT|,|PUNCT|,|[]|,|PUNCT|,,"(, ,)",,ok,ok,n,ok,,
TRUE,|PRON|,|PRON|,|PRON|,|PRON|,,(annyi annyi),,,,,,,
TRUE,|NOUN|,|NOUN|,|NOUN|,|NOUN|,,(pénzt pénzt),,,,,,,
FALSE,|ADV|,|ADV|,|[]|,|ADV|,,(ki ki),,?,?,?,?,,
TRUE,|ADV|,|ADV|,|ADV|,|ADV|,,(is is),,,,,,,
TRUE,|VERB|,|VERB|,|VERB|,|VERB|,,(visznek visznek),,,,,,,
TRUE,|DET|,|DET|,|DET|,|DET|,,(a a),,,,,,,
TRUE,|ADJ|,|ADJ|,|ADJ|,|ADJ|,,(nyugati nyugati),,,,,,,
TRUE,|NOUN|,|NOUN|,|NOUN|,|NOUN|,,(cégek cégek),,,,,,,
TRUE,|NOUN|,|NOUN|,|NOUN|,|NOUN|,,(profitként profitként),,,,,,,
FALSE,|PUNCT|,|PUNCT|,|[]|,|PUNCT|,,(. .),,ok,ok,,,,
TRUE,|ADV|,|ADV|,|ADV|,|ADV|,,(Tulajdonképpen Tulajdonképpen),,,,,,,
TRUE,|PRON|,|PRON|,|PRON|,|PRON|,,(ez ez),,,,,,,
TRUE,|DET|,|DET|,|DET|,|DET|,,(az az),,,,,,,
TRUE,|NOUN|,|NOUN|,|NOUN|,|NOUN|,,(egyenleg egyenleg),,,,,,,
TRUE,|ADJ|,|ADJ|,|ADJ|,|ADJ|,,(nullszaldós nullszaldós),,,,,,,
FALSE,|PUNCT|,|PUNCT|,|[]|,|PUNCT|,,(. .),,,,,,,
TRUE,|DET|,|DET|,|DET|,|DET|,,(A A),,,,,,,
TRUE,|NOUN|,|NOUN|,|NOUN|,|NOUN|,,(helyzet helyzet),,,,,,,
TRUE,|PRON|,|PRON|,|PRON|,|PRON|,,(az az),,,,,,,
FALSE,|PUNCT|,|PUNCT|,|[]|,|PUNCT|,,"(, ,)",,,,,,,
TRUE,|SCONJ|,|SCONJ|,|SCONJ|,|SCONJ|,,(hogy hogy),,,,,,,
TRUE,|PROPN|,|PROPN|,|PROPN|,|PROPN|,,(Magyarország Magyarország),,,,,,,
FALSE,|PRON|,|PRON|,|PRON|,|ADV|,,(rá rá),,n,n,n,ok,,
FALSE,|AUX|,|AUX|,|[]|,|VERB|,,(volt volt),,,,,,,
TRUE,|ADV|,|ADV|,|ADV|,|ADV|,,(kényszerítve kényszerítve),,,,,,,
FALSE,|PRON|,|PRON|,|[]|,|PUNCT|,,(’ ’),,,,,,,
TRUE,|NUM|,|NUM|,|NUM|,|NUM|,,(90 90),,,,,,,
TRUE,|ADP|,|ADP|,|ADP|,|ADP|,,(óta óta),,,,,,,
TRUE,|PRON|,|PRON|,|PRON|,|PRON|,,(arra arra),,,,,,,
FALSE,|PUNCT|,|PUNCT|,|[]|,|PUNCT|,,"(, ,)",,,,,,,
TRUE,|SCONJ|,|SCONJ|,|SCONJ|,|SCONJ|,,(hogy hogy),,,,,,,
TRUE,|VERB|,|VERB|,|VERB|,|VERB|,,(kiárusítsa kiárusítsa),,,,,,,
TRUE,|DET|,|DET|,|DET|,|DET|,,(az az),,,,,,,
TRUE,|ADJ|,|ADJ|,|ADJ|,|ADJ|,,(állami állami),,,,,,,
TRUE,|NOUN|,|NOUN|,|NOUN|,|NOUN|,,(vagyont vagyont),,,,,,,
FALSE,|NOUN|,|NOUN|,|[]|,|ADJ|,,(nyugat-európaiaknak nyugat-európaiaknak),,,,,,,
FALSE,|PUNCT|,|PUNCT|,|[]|,|PUNCT|,,"(, ,)",,,,,,,
TRUE,|VERB|,|VERB|,|VERB|,|VERB|,,(beengedje beengedje),,,,,,,
TRUE,|DET|,|DET|,|DET|,|DET|,,(a a),,,,,,,
TRUE,|ADJ|,|ADJ|,|ADJ|,|ADJ|,,(nyugati nyugati),,,,,,,
TRUE,|NOUN|,|NOUN|,|NOUN|,|NOUN|,,(cégeket cégeket),,,,,,,
FALSE,|PUNCT|,|PUNCT|,|[]|,|PUNCT|,,"(, ,)",,,,,,,
TRUE,|CCONJ|,|CCONJ|,|CCONJ|,|CCONJ|,,(és és),,,,,,,
TRUE,|SCONJ|,|SCONJ|,|SCONJ|,|SCONJ|,,(hogy hogy),,,,,,,
TRUE,|VERB|,|VERB|,|VERB|,|VERB|,,(megnyissa megnyissa),,,,,,,
TRUE,|DET|,|DET|,|DET|,|DET|,,(a a),,,,,,,
TRUE,|NOUN|,|NOUN|,|NOUN|,|NOUN|,,(határait határait),,,,,,,
TRUE,|DET|,|DET|,|DET|,|DET|,,(a a),,,,,,,
TRUE,|ADJ|,|ADJ|,|ADJ|,|ADJ|,,(külföldi külföldi),,,,,,,
TRUE,|NOUN|,|NOUN|,|NOUN|,|NOUN|,,(áruk áruk),,,,,,,
TRUE,|CCONJ|,|CCONJ|,|CCONJ|,|CCONJ|,,(és és),,,,,,,
TRUE,|DET|,|DET|,|DET|,|DET|,,(a a),,,,,,,
TRUE,|ADJ|,|ADJ|,|ADJ|,|ADJ|,,(külföldi külföldi),,,,,,,
TRUE,|NOUN|,|NOUN|,|NOUN|,|NOUN|,,(tőke tőke),,,,,,,
TRUE,|ADP|,|ADP|,|ADP|,|ADP|,,(előtt előtt),,,,,,,
FALSE,|PUNCT|,|PUNCT|,|[]|,|PUNCT|,,(. .),,,,,,,
TRUE,|DET|,|DET|,|DET|,|DET|,,(A A),,,,,,,
TRUE,|NOUN|,|NOUN|,|NOUN|,|NOUN|,,(probléma probléma),,,,,,,
TRUE,|PRON|,|PRON|,|PRON|,|PRON|,,(az az),,,,,,,
FALSE,|PUNCT|,|PUNCT|,|[]|,|PUNCT|,,"(, ,)",,,,,,,
TRUE,|SCONJ|,|SCONJ|,|SCONJ|,|SCONJ|,,(hogy hogy),,,,,,,
FALSE,|PRON|,|DET|,|PRON|,|PRON|,,(ennek ennek),,ok,n,ok,ok,,
TRUE,|DET|,|DET|,|DET|,|DET|,,(a a),,,,,,,
TRUE,|NOUN|,|NOUN|,|NOUN|,|NOUN|,,(folyamatnak folyamatnak),,,,,,,
TRUE,|DET|,|DET|,|DET|,|DET|,,(a a),,,,,,,
TRUE,|NOUN|,|NOUN|,|NOUN|,|NOUN|,,(korlátozása korlátozása),,,,,,,
TRUE,|ADV|,|ADV|,|ADV|,|ADV|,,(nem nem),,,,,,,
FALSE,|VERB|,|AUX|,|VERB|,|VERB|,,(volt volt),,ok,n,ok,ok,,
TRUE,|DET|,|DET|,|DET|,|DET|,,(az az),,,,,,,
TRUE,|ADJ|,|ADJ|,|ADJ|,|ADJ|,,(elmúlt elmúlt),,,,,,,
TRUE,|NOUN|,|NOUN|,|NOUN|,|NOUN|,,(időszak időszak),,,,,,,
TRUE,|NOUN|,|NOUN|,|NOUN|,|NOUN|,,(politikájának politikájának),,,,,,,
TRUE,|NOUN|,|NOUN|,|NOUN|,|NOUN|,,(homlokterében homlokterében),,,,,,,
FALSE,|PUNCT|,|PUNCT|,|[]|,|PUNCT|,,(. .),,,,,,,
TRUE,|PRON|,|PRON|,|PRON|,|PRON|,,(Mi Mi),,,,,,,
FALSE,|PUNCT|,|PUNCT|,|[]|,|PUNCT|,,"(, ,)",,,,,,,
FALSE,|NOUN|,|NOUN|,|[]|,|ADJ|,,(zöldek zöldek),,,,,,,
TRUE,|PRON|,|PRON|,|PRON|,|PRON|,,(azt azt),,,,,,,
TRUE,|VERB|,|VERB|,|VERB|,|VERB|,,(gondoljuk gondoljuk),,,,,,,
FALSE,|PUNCT|,|PUNCT|,|[]|,|PUNCT|,,"(, ,)",,,,,,,
TRUE,|SCONJ|,|SCONJ|,|SCONJ|,|SCONJ|,,(hogy hogy),,,,,,,
TRUE,|DET|,|DET|,|DET|,|DET|,,(a a),,,,,,,
TRUE,|NUM|,|NUM|,|NUM|,|NUM|,,(négy négy),,,,,,,
TRUE,|NOUN|,|NOUN|,|NOUN|,|NOUN|,,(szabadság szabadság),,,,,,,
TRUE,|NOUN|,|NOUN|,|NOUN|,|NOUN|,,(elve elve),,,,,,,
TRUE,|ADP|,|ADP|,|ADP|,|ADP|,,(helyett helyett),,,,,,,
FALSE,|PUNCT|,|PUNCT|,|[]|,|PUNCT|,,"(, ,)",,,,,,,
TRUE,|PRON|,|PRON|,|PRON|,|PRON|,,(amely amely),,,,,,,
TRUE,|DET|,|DET|,|DET|,|DET|,,(az az),,,,,,,
FALSE,|PROPN|,|PROPN|,|[]|,|ADJ|,,(Európai Európai),,,,,,,
FALSE,|PROPN|,|PROPN|,|[]|,|NOUN|,,(Unió Unió),,,,,,,
TRUE,|NOUN|,|NOUN|,|NOUN|,|NOUN|,,(alapja alapja),,,,,,,
FALSE,|PUNCT|,|PUNCT|,|[]|,|PUNCT|,,"(, ,)",,,,,,,
TRUE,|DET|,|DET|,|DET|,|DET|,,(a a),,,,,,,
TRUE,|NUM|,|NUM|,|NUM|,|NUM|,,(három három),,,,,,,
TRUE,|NOUN|,|NOUN|,|NOUN|,|NOUN|,,(felelősség felelősség),,,,,,,
TRUE,|NOUN|,|NOUN|,|NOUN|,|NOUN|,,(elvét elvét),,,,,,,
TRUE,|VERB|,|VERB|,|VERB|,|VERB|,,(kéne kéne),,,,,,,
TRUE,|VERB|,|VERB|,|VERB|,|VERB|,,(használni használni),,,,,,,
FALSE,|PUNCT|,|PUNCT|,|[]|,|PUNCT|,,"(, ,)",,,,,,,
TRUE,|DET|,|DET|,|DET|,|DET|,,(a a),,,,,,,
TRUE,|NUM|,|NUM|,|NUM|,|NUM|,,(három három),,,,,,,
TRUE,|NOUN|,|NOUN|,|NOUN|,|NOUN|,,(felelősség felelősség),,,,,,,
TRUE,|NOUN|,|NOUN|,|NOUN|,|NOUN|,,(elve elve),,,,,,,
TRUE,|NOUN|,|NOUN|,|NOUN|,|NOUN|,,(alapján alapján),,,,,,,
TRUE,|VERB|,|VERB|,|VERB|,|VERB|,,(lehetne lehetne),,,,,,,
TRUE,|DET|,|DET|,|DET|,|DET|,,(egy egy),,,,,,,
FALSE,|ADJ|,|ADJ|,|[]|,|PRON|,,(olyan olyan),,,,,,,
FALSE,|PROPN|,|PROPN|,|[]|,|ADJ|,,(Európai Európai),,,,,,,
FALSE,|PROPN|,|PROPN|,|[]|,|NOUN|,,(Uniót Uniót),,,,,,,
TRUE,|VERB|,|VERB|,|VERB|,|VERB|,,(felépíteni felépíteni),,,,,,,
FALSE,|PUNCT|,|PUNCT|,|[]|,|PUNCT|,,"(, ,)",,,,,,,
TRUE,|PRON|,|PRON|,|PRON|,|PRON|,,(amely amely),,,,,,,
TRUE,|ADV|,|ADV|,|ADV|,|ADV|,,(nem nem),,,,,,,
TRUE,|DET|,|DET|,|DET|,|DET|,,(a a),,,,,,,
TRUE,|NOUN|,|NOUN|,|NOUN|,|NOUN|,,(neoliberalizmus neoliberalizmus),,,,,,,
TRUE,|NOUN|,|NOUN|,|NOUN|,|NOUN|,,(alapján alapján),,,,,,,
TRUE,|VERB|,|VERB|,|VERB|,|VERB|,,(áll áll),,,,,,,
FALSE,|PUNCT|,|PUNCT|,|[]|,|PUNCT|,,(. .),,,,,,,
TRUE,|PRON|,|PRON|,|PRON|,|PRON|,,(Ez Ez),,,,,,,
TRUE,|DET|,|DET|,|DET|,|DET|,,(a a),,,,,,,
TRUE,|NUM|,|NUM|,|NUM|,|NUM|,,(három három),,,,,,,
TRUE,|NOUN|,|NOUN|,|NOUN|,|NOUN|,,(felelősség felelősség),,,,,,,
TRUE,|DET|,|DET|,|DET|,|DET|,,(a a),,,,,,,
TRUE,|NOUN|,|NOUN|,|NOUN|,|NOUN|,,(fogyasztókért fogyasztókért),,,,,,,
TRUE,|ADJ|,|ADJ|,|ADJ|,|ADJ|,,(való való),,,,,,,
TRUE,|NOUN|,|NOUN|,|NOUN|,|NOUN|,,(felelősség felelősség),,,,,,,
FALSE,|PUNCT|,|PUNCT|,|[]|,|PUNCT|,,"(, ,)",,,,,,,
TRUE,|DET|,|DET|,|DET|,|DET|,,(a a),,,,,,,
TRUE,|NOUN|,|NOUN|,|NOUN|,|NOUN|,,(természetért természetért),,,,,,,
FALSE,|PUNCT|,|PUNCT|,|[]|,|PUNCT|,,"(, ,)",,,,,,,
TRUE,|DET|,|DET|,|DET|,|DET|,,(a a),,,,,,,
FALSE,|NOUN|,|PROPN|,|NOUN|,|NOUN|,,(Földért Földért),,ok,ok,ok,ok,,
TRUE,|ADJ|,|ADJ|,|ADJ|,|ADJ|,,(való való),,,,,,,
TRUE,|NOUN|,|NOUN|,|NOUN|,|NOUN|,,(felelősség felelősség),,,,,,,
TRUE,|CCONJ|,|CCONJ|,|CCONJ|,|CCONJ|,,(és és),,,,,,,
TRUE,|DET|,|DET|,|DET|,|DET|,,(a a),,,,,,,
TRUE,|NOUN|,|NOUN|,|NOUN|,|NOUN|,,(társadalomért társadalomért),,,,,,,
TRUE,|ADJ|,|ADJ|,|ADJ|,|ADJ|,,(való való),,,,,,,
TRUE,|NOUN|,|NOUN|,|NOUN|,|NOUN|,,(felelősség felelősség),,,,,,,
FALSE,|PUNCT|,|PUNCT|,|[]|,|PUNCT|,,(. .),,,,,,,
TRUE,|PRON|,|PRON|,|PRON|,|PRON|,,(Mi Mi),,,,,,,
TRUE,|PRON|,|PRON|,|PRON|,|PRON|,,(ennek ennek),,,,,,,
TRUE,|ADV|,|ADV|,|ADV|,|ADV|,,(most most),,,,,,,
TRUE,|DET|,|DET|,|DET|,|DET|,,(az az),,,,,,,
TRUE,|NOUN|,|NOUN|,|NOUN|,|NOUN|,,(aktualitása aktualitása),,,,,,,
FALSE,|PUNCT|,|PUNCT|,|[]|,|PUNCT|,,(? ?),,,,,,,
TRUE,|PRON|,|PRON|,|PRON|,|PRON|,,(Azt Azt),,,,,,,
TRUE,|VERB|,|VERB|,|VERB|,|VERB|,,(látjuk látjuk),,,,,,,
FALSE,|PUNCT|,|PUNCT|,|[]|,|PUNCT|,,"(, ,)",,,,,,,
TRUE,|DET|,|DET|,|DET|,|DET|,,(a a),,,,,,,
TRUE,|NOUN|,|NOUN|,|NOUN|,|NOUN|,,(külügyminiszter külügyminiszter),,,,,,,
TRUE,|PRON|,|PRON|,|PRON|,|PRON|,,(ezt ezt),,,,,,,
FALSE,|ADV|,|ADV|,|[]|,|ADV|,,(be be),,,,,,,
TRUE,|ADV|,|ADV|,|ADV|,|ADV|,,(is is),,,,,,,
TRUE,|VERB|,|VERB|,|VERB|,|VERB|,,(jelentette jelentette),,,,,,,
FALSE,|PUNCT|,|PUNCT|,|[]|,|PUNCT|,,"(, ,)",,,,,,,
TRUE,|SCONJ|,|SCONJ|,|SCONJ|,|SCONJ|,,(hogy hogy),,,,,,,
TRUE,|PROPN|,|PROPN|,|PROPN|,|PROPN|,,(Magyarország Magyarország),,,,,,,
TRUE,|ADV|,|ADV|,|ADV|,|ADV|,,(most most),,,,,,,
TRUE,|ADV|,|ADV|,|ADV|,|ADV|,,(éppen éppen),,,,,,,
TRUE,|DET|,|DET|,|DET|,|DET|,,(az az),,,,,,,
FALSE,|PROPN|,|PROPN|,|[]|,|ADJ|,,(Egyesült Egyesült),,,,,,,
TRUE,|PROPN|,|PROPN|,|PROPN|,|PROPN|,,(Államokkal Államokkal),,,,,,,
TRUE,|CCONJ|,|CCONJ|,|CCONJ|,|CCONJ|,,(és és),,,,,,,
TRUE,|DET|,|DET|,|DET|,|DET|,,(az az),,,,,,,
FALSE,|PROPN|,|PROPN|,|[]|,|ADJ|,,(Európai Európai),,,,,,,
FALSE,|PROPN|,|PROPN|,|[]|,|NOUN|,,(Unió Unió),,,,,,,
FALSE,|DET|,|DET|,|[]|,|NUM|,,(legtöbb legtöbb),,,,,,,
TRUE,|NOUN|,|NOUN|,|NOUN|,|NOUN|,,(tagállamával tagállamával),,,,,,,
FALSE,|CCONJ|,|CCONJ|,|[]|,|ADV|,,(is is),,,,,,,
TRUE,|NOUN|,|NOUN|,|NOUN|,|NOUN|,,(konfliktusba konfliktusba),,,,,,,
TRUE,|VERB|,|VERB|,|VERB|,|VERB|,,(kerül kerül),,,,,,,
FALSE,|ADV|,|ADV|,|[]|,|PRON|,,(azért azért),,,,,,,
FALSE,|PUNCT|,|PUNCT|,|[]|,|PUNCT|,,"(, ,)",,,,,,,
TRUE,|SCONJ|,|SCONJ|,|SCONJ|,|SCONJ|,,(hogy hogy),,,,,,,
TRUE,|VERB|,|VERB|,|VERB|,|VERB|,,(elérje elérje),,,,,,,
FALSE,|PUNCT|,|PUNCT|,|[]|,|PUNCT|,,"(, ,)",,,,,,,
TRUE,|DET|,|DET|,|DET|,|DET|,,(az az),,,,,,,
TRUE,|PROPN|,|PROPN|,|PROPN|,|PROPN|,,(Audinak Audinak),,,,,,,
TRUE,|CCONJ|,|CCONJ|,|CCONJ|,|CCONJ|,,(és és),,,,,,,
TRUE,|DET|,|DET|,|DET|,|DET|,,(a a),,,,,,,
TRUE,|ADJ|,|ADJ|,|ADJ|,|ADJ|,,(többi többi),,,,,,,
TRUE,|NOUN|,|NOUN|,|NOUN|,|NOUN|,,(multinak multinak),,,,,,,
TRUE,|ADV|,|ADV|,|ADV|,|ADV|,,(ne ne),,,,,,,
TRUE,|VERB|,|VERB|,|VERB|,|VERB|,,(tudják tudják),,,,,,,
TRUE,|VERB|,|VERB|,|VERB|,|VERB|,,(növelni növelni),,,,,,,
TRUE,|DET|,|DET|,|DET|,|DET|,,(az az),,,,,,,
TRUE,|NOUN|,|NOUN|,|NOUN|,|NOUN|,,(adóterhét adóterhét),,,,,,,
FALSE,|PUNCT|,|PUNCT|,|[]|,|PUNCT|,,(. .),,,,,,,
TRUE,|PRON|,|PRON|,|PRON|,|PRON|,,(Amit Amit),,,,,,,
FALSE,|NOUN|,|PRON|,|[]|,|PRON|,,(önök önök),,,,,,,
TRUE,|DET|,|DET|,|DET|,|DET|,,(egy egy),,,,,,,
TRUE,|ADJ|,|ADJ|,|ADJ|,|ADJ|,,(szuverenitási szuverenitási),,,,,,,
TRUE,|NOUN|,|NOUN|,|NOUN|,|NOUN|,,(kérdésként kérdésként),,,,,,,
FALSE,|AUX|,|AUX|,|[]|,|VERB|,,(fognak fognak),,,,,,,
TRUE,|VERB|,|VERB|,|VERB|,|VERB|,,(beállítani beállítani),,,,,,,
FALSE,|PUNCT|,|PUNCT|,|[]|,|PUNCT|,,"(, ,)",,,,,,,
TRUE,|DET|,|DET|,|DET|,|DET|,,(az az),,,,,,,
TRUE,|ADJ|,|ADJ|,|ADJ|,|ADJ|,,(úgynevezett úgynevezett),,,,,,,
TRUE,|ADJ|,|ADJ|,|ADJ|,|ADJ|,,(globális globális),,,,,,,
TRUE,|NOUN|,|NOUN|,|NOUN|,|NOUN|,,(multiadó multiadó),,,,,,,
TRUE,|NOUN|,|NOUN|,|NOUN|,|NOUN|,,(kérdése kérdése),,,,,,,
FALSE,|PUNCT|,|PUNCT|,|[]|,|PUNCT|,,"(, ,)",,,,,,,
TRUE,|ADV|,|ADV|,|ADV|,|ADV|,,(valójában valójában),,,,,,,
TRUE,|ADV|,|ADV|,|ADV|,|ADV|,,(nem nem),,,,,,,
TRUE,|DET|,|DET|,|DET|,|DET|,,(a a),,,,,,,
TRUE,|ADJ|,|ADJ|,|ADJ|,|ADJ|,,(magyar magyar),,,,,,,
TRUE,|NOUN|,|NOUN|,|NOUN|,|NOUN|,,(szuverenitásról szuverenitásról),,,,,,,
TRUE,|VERB|,|VERB|,|VERB|,|VERB|,,(szól szól),,,,,,,
FALSE,|PUNCT|,|PUNCT|,|[]|,|PUNCT|,,"(, ,)",,,,,,,
TRUE,|CCONJ|,|CCONJ|,|CCONJ|,|CCONJ|,,(hanem hanem),,,,,,,
TRUE,|PRON|,|PRON|,|PRON|,|PRON|,,(arról arról),,,,,,,
FALSE,|PUNCT|,|PUNCT|,|[]|,|PUNCT|,,"(, ,)",,,,,,,
TRUE,|SCONJ|,|SCONJ|,|SCONJ|,|SCONJ|,,(hogy hogy),,,,,,,
FALSE,|DET|,|DET|,|[]|,|PRON|,,(azoknak azoknak),,,,,,,
TRUE,|DET|,|DET|,|DET|,|DET|,,(a a),,,,,,,
TRUE,|NOUN|,|NOUN|,|NOUN|,|NOUN|,,(cégeknek cégeknek),,,,,,,
FALSE,|PUNCT|,|PUNCT|,|[]|,|PUNCT|,,"(, ,)",,,,,,,
TRUE,|PRON|,|PRON|,|PRON|,|PRON|,,(akiket akiket),,,,,,,
FALSE,|NOUN|,|PRON|,|[]|,|PRON|,,(önök önök),,,,,,,
TRUE,|VERB|,|VERB|,|VERB|,|VERB|,,(idehoztak idehoztak),,,,,,,
FALSE,|PUNCT|,|PUNCT|,|[]|,|PUNCT|,,"(, ,)",,,,,,,
TRUE,|PRON|,|PRON|,|PRON|,|PRON|,,(akiket akiket),,,,,,,
TRUE,|VERB|,|VERB|,|VERB|,|VERB|,,(kivettek kivettek),,,,,,,
TRUE,|DET|,|DET|,|DET|,|DET|,,(a a),,,,,,,
TRUE,|NOUN|,|NOUN|,|NOUN|,|NOUN|,,(közteherviselés közteherviselés),,,,,,,
TRUE,|NOUN|,|NOUN|,|NOUN|,|NOUN|,,(terhe terhe),,,,,,,
TRUE,|ADP|,|ADP|,|ADP|,|ADP|,,(alól alól),,,,,,,
TRUE,|DET|,|DET|,|DET|,|DET|,,(a a),,,,,,,
TRUE,|ADJ|,|ADJ|,|ADJ|,|ADJ|,,(stratégiai stratégiai),,,,,,,
TRUE,|NOUN|,|NOUN|,|NOUN|,|NOUN|,,(partnerségek partnerségek),,,,,,,
TRUE,|NOUN|,|NOUN|,|NOUN|,|NOUN|,,(keretében keretében),,,,,,,
FALSE,|PUNCT|,|PUNCT|,|[]|,|PUNCT|,,"(, ,)",,,,,,,
TRUE,|ADV|,|ADV|,|ADV|,|ADV|,,(ne ne),,,,,,,
TRUE,|VERB|,|VERB|,|VERB|,|VERB|,,(kelljen kelljen),,,,,,,
TRUE,|VERB|,|VERB|,|VERB|,|VERB|,,(megemelniük megemelniük),,,,,,,
TRUE,|DET|,|DET|,|DET|,|DET|,,(a a),,,,,,,
TRUE,|ADJ|,|ADJ|,|ADJ|,|ADJ|,,(társasági társasági),,,,,,,
TRUE,|NOUN|,|NOUN|,|NOUN|,|NOUN|,,(adójukat adójukat),,,,,,,
FALSE,|PUNCT|,|PUNCT|,|[]|,|PUNCT|,,(. .),,,,,,,
TRUE,|DET|,|DET|,|DET|,|DET|,,(Az Az),,,,,,,
TRUE,|ADJ|,|ADJ|,|ADJ|,|ADJ|,,(egész egész),,,,,,,
TRUE,|NOUN|,|NOUN|,|NOUN|,|NOUN|,,(gazdaságpolitika gazdaságpolitika),,,,,,,
TRUE,|PRON|,|PRON|,|PRON|,|PRON|,,(arra arra),,,,,,,
TRUE,|VERB|,|VERB|,|VERB|,|VERB|,,(épül épül),,,,,,,
FALSE,|PUNCT|,|PUNCT|,|[]|,|PUNCT|,,"(, ,)",,,,,,,
TRUE,|SCONJ|,|SCONJ|,|SCONJ|,|SCONJ|,,(hogy hogy),,,,,,,
TRUE,|DET|,|DET|,|DET|,|DET|,,(a a),,,,,,,
TRUE,|ADJ|,|ADJ|,|ADJ|,|ADJ|,,(német német),,,,,,,
TRUE,|NOUN|,|NOUN|,|NOUN|,|NOUN|,,(tőkét tőkét),,,,,,,
TRUE,|VERB|,|VERB|,|VERB|,|VERB|,,(kiszolgálják kiszolgálják),,,,,,,
FALSE,|PUNCT|,|PUNCT|,|[]|,|PUNCT|,,"(, ,)",,,,,,,
TRUE,|DET|,|DET|,|DET|,|DET|,,(a a),,,,,,,
TRUE,|NOUN|,|NOUN|,|NOUN|,|NOUN|,,(miniszterelnök miniszterelnök),,,,,,,
TRUE,|DET|,|DET|,|DET|,|DET|,,(a a),,,,,,,
TRUE,|ADJ|,|ADJ|,|ADJ|,|ADJ|,,(német német),,,,,,,
TRUE,|NOUN|,|NOUN|,|NOUN|,|NOUN|,,(tőke tőke),,,,,,,
TRUE,|NOUN|,|NOUN|,|NOUN|,|NOUN|,,(érdekei érdekei),,,,,,,
TRUE,|ADP|,|ADP|,|ADP|,|ADP|,,(szerint szerint),,,,,,,
TRUE,|VERB|,|VERB|,|VERB|,|VERB|,,(szavaz szavaz),,,,,,,
TRUE,|DET|,|DET|,|DET|,|DET|,,(a a),,,,,,,
FALSE,|PROPN|,|PROPN|,|PROPN|,|NOUN|,,(Tanács Tanács),,ok,ok,ok,n,,
TRUE,|NOUN|,|NOUN|,|NOUN|,|NOUN|,,(ülésén ülésén),,,,,,,
FALSE,|PUNCT|,|PUNCT|,|[]|,|PUNCT|,,"(, ,)",,,,,,,
TRUE,|DET|,|DET|,|DET|,|DET|,,(a a),,,,,,,
TRUE,|ADJ|,|ADJ|,|ADJ|,|ADJ|,,(német német),,,,,,,
TRUE,|NOUN|,|NOUN|,|NOUN|,|NOUN|,,(kancellárral kancellárral),,,,,,,
TRUE,|NUM|,|NUM|,|NUM|,|NUM|,,(97 97),,,,,,,
TRUE,|NOUN|,|NOUN|,|NOUN|,|NOUN|,,(százalékban százalékban),,,,,,,
TRUE,|ADJ|,|ADJ|,|ADJ|,|ADJ|,,(megegyező megegyező),,,,,,,
TRUE,|NOUN|,|NOUN|,|NOUN|,|NOUN|,,(módon módon),,,,,,,
FALSE,|PUNCT|,|PUNCT|,|[]|,|PUNCT|,,(( (),,,,,,,
FALSE,|PROPN|,|PROPN|,|[]|,|ADJ|,,(Rétvári Rétvári),,,,,,,
TRUE,|PROPN|,|PROPN|,|PROPN|,|PROPN|,,(Bence Bence),,,,,,,
FALSE,|PUNCT|,|PUNCT|,|[]|,|PUNCT|,,(: :),,,,,,,
FALSE,|NOUN|,|NOUN|,|[]|,|ADJ|,,(Európa-pártiak Európa-pártiak),,,,,,,
TRUE,|VERB|,|VERB|,|VERB|,|VERB|,,(vagyunk vagyunk),,,,,,,
TRUE,|CCONJ|,|CCONJ|,|CCONJ|,|CCONJ|,,(vagy vagy),,,,,,,
FALSE,|NOUN|,|NOUN|,|[]|,|ADJ|,,(Európa-ellenesek Európa-ellenesek),,,,,,,
FALSE,|PUNCT|,|PUNCT|,|[]|,|PUNCT|,,(? ?),,,,,,,
FALSE,|PUNCT|,|PUNCT|,|[]|,|PUNCT|,,() )),,,,,,,
FALSE,|PUNCT|,|PUNCT|,|[]|,|PUNCT|,,"(, ,)",,,,,,,
TRUE,|CCONJ|,|CCONJ|,|CCONJ|,|CCONJ|,,(és és),,,,,,,
TRUE,|PRON|,|PRON|,|PRON|,|PRON|,,(mindent mindent),,,,,,,
TRUE,|VERB|,|VERB|,|VERB|,|VERB|,,(elérnek elérnek),,,,,,,
FALSE,|ADV|,|ADV|,|[]|,|PRON|,,(azért azért),,,,,,,
FALSE,|PUNCT|,|PUNCT|,|[]|,|PUNCT|,,"(, ,)",,,,,,,
TRUE,|SCONJ|,|SCONJ|,|SCONJ|,|SCONJ|,,(hogy hogy),,,,,,,
TRUE,|DET|,|DET|,|DET|,|DET|,,(a a),,,,,,,
TRUE,|ADJ|,|ADJ|,|ADJ|,|ADJ|,,(német német),,,,,,,
TRUE,|NOUN|,|NOUN|,|NOUN|,|NOUN|,,(tőkének tőkének),,,,,,,
TRUE,|ADV|,|ADV|,|ADV|,|ADV|,,(ne ne),,,,,,,
TRUE,|VERB|,|VERB|,|VERB|,|VERB|,,(nőjön nőjön),,,,,,,
TRUE,|DET|,|DET|,|DET|,|DET|,,(az az),,,,,,,
FALSE,|ADJ|,|NOUN|,|[]|,|NOUN|,,(adóterhe adóterhe),,,,,,,
FALSE,|PUNCT|,|PUNCT|,|[]|,|PUNCT|,,(. .),,,,,,,
TRUE,|DET|,|DET|,|DET|,|DET|,,(A A),,,,,,,
TRUE,|ADJ|,|ADJ|,|ADJ|,|ADJ|,,(globális globális),,,,,,,
TRUE,|NOUN|,|NOUN|,|NOUN|,|NOUN|,,(minimumadóval minimumadóval),,,,,,,
TRUE,|VERB|,|VERB|,|VERB|,|VERB|,,(egyetértenek egyetértenek),,,,,,,
TRUE,|DET|,|DET|,|DET|,|DET|,,(a a),,,,,,,
TRUE,|ADJ|,|ADJ|,|ADJ|,|ADJ|,,(magyar magyar),,,,,,,
TRUE,|NOUN|,|NOUN|,|NOUN|,|NOUN|,,(emberek emberek),,,,,,,
FALSE,|PUNCT|,|PUNCT|,|[]|,|PUNCT|,,"(, ,)",,,,,,,
TRUE,|PRON|,|PRON|,|PRON|,|PRON|,,(azzal azzal),,,,,,,
TRUE,|CCONJ|,|CCONJ|,|CCONJ|,|CCONJ|,,(azonban azonban),,,,,,,
TRUE,|ADV|,|ADV|,|ADV|,|ADV|,,(nem nem),,,,,,,
FALSE,|PUNCT|,|PUNCT|,|[]|,|PUNCT|,,"(, ,)",,,,,,,
TRUE,|SCONJ|,|SCONJ|,|SCONJ|,|SCONJ|,,(hogy hogy),,,,,,,
FALSE,|NOUN|,|PRON|,|[]|,|PRON|,,(önök önök),,,,,,,
TRUE,|VERB|,|VERB|,|VERB|,|VERB|,,(elutasítják elutasítják),,,,,,,
FALSE,|PUNCT|,|PUNCT|,|[]|,|PUNCT|,,"(, ,)",,,,,,,
TRUE,|PRON|,|PRON|,|PRON|,|PRON|,,(azzal azzal),,,,,,,
TRUE,|ADV|,|ADV|,|ADV|,|ADV|,,(nem nem),,,,,,,
TRUE,|VERB|,|VERB|,|VERB|,|VERB|,,(értenek értenek),,,,,,,
FALSE,|ADV|,|NUM|,|ADV|,|ADV|,,(egyet egyet),,ok,n,ok,ok,,
FALSE,|PUNCT|,|PUNCT|,|[]|,|PUNCT|,,"(, ,)",,,,,,,
TRUE,|SCONJ|,|SCONJ|,|SCONJ|,|SCONJ|,,(hogy hogy),,,,,,,
TRUE,|PRON|,|PRON|,|PRON|,|PRON|,,(önöknek önöknek),,,,,,,
TRUE,|ADJ|,|ADJ|,|ADJ|,|ADJ|,,(fontosabb fontosabb),,,,,,,
FALSE,|PUNCT|,|PUNCT|,|[]|,|PUNCT|,,"(, ,)",,,,,,,
TRUE,|SCONJ|,|SCONJ|,|SCONJ|,|SCONJ|,,(hogy hogy),,,,,,,
TRUE,|DET|,|DET|,|DET|,|DET|,,(az az),,,,,,,
TRUE,|PROPN|,|PROPN|,|PROPN|,|PROPN|,,(Audi Audi),,,,,,,
FALSE,|NUM|,|PROPN|,|NUM|,|NUM|,,(9 9),,ok,n,ok,ok,,
TRUE,|ADJ|,|ADJ|,|ADJ|,|ADJ|,,(százalékos százalékos),,,,,,,
TRUE,|ADJ|,|ADJ|,|ADJ|,|ADJ|,,(társasági társasági),,,,,,,
TRUE,|NOUN|,|NOUN|,|NOUN|,|NOUN|,,(adót adót),,,,,,,
TRUE,|VERB|,|VERB|,|VERB|,|VERB|,,(fizessen fizessen),,,,,,,
FALSE,|PUNCT|,|PUNCT|,|[]|,|PUNCT|,,"(, ,)",,,,,,,
TRUE,|SCONJ|,|SCONJ|,|SCONJ|,|SCONJ|,,(mint mint),,,,,,,
TRUE,|PRON|,|PRON|,|PRON|,|PRON|,,(az az),,,,,,,
FALSE,|PUNCT|,|PUNCT|,|[]|,|PUNCT|,,"(, ,)",,,,,,,
TRUE,|SCONJ|,|SCONJ|,|SCONJ|,|SCONJ|,,(hogy hogy),,,,,,,
TRUE,|VERB|,|VERB|,|VERB|,|VERB|,,(mondjuk mondjuk),,,,,,,
FALSE,|PUNCT|,|PUNCT|,|[]|,|PUNCT|,,"(, ,)",,,,,,,
TRUE,|VERB|,|VERB|,|VERB|,|VERB|,,(megemeljék megemeljék),,,,,,,
TRUE,|DET|,|DET|,|DET|,|DET|,,(a a),,,,,,,
TRUE,|NOUN|,|NOUN|,|NOUN|,|NOUN|,,(közalkalmazottak közalkalmazottak),,,,,,,
TRUE,|NOUN|,|NOUN|,|NOUN|,|NOUN|,,(bérét bérét),,,,,,,
FALSE,|PUNCT|,|PUNCT|,|[]|,|PUNCT|,,(. .),,,,,,,
TRUE,|DET|,|DET|,|DET|,|DET|,,(Az Az),,,,,,,
TRUE,|ADJ|,|ADJ|,|ADJ|,|ADJ|,,(egész egész),,,,,,,
TRUE,|NOUN|,|NOUN|,|NOUN|,|NOUN|,,(vita vita),,,,,,,
FALSE,|PUNCT|,|PUNCT|,|[]|,|PUNCT|,,"(, ,)",,,,,,,
TRUE,|PRON|,|PRON|,|PRON|,|PRON|,,(amit amit),,,,,,,
FALSE,|NOUN|,|PRON|,|[]|,|PRON|,,(önök önök),,,,,,,
TRUE,|ADJ|,|ADJ|,|ADJ|,|ADJ|,,(ismételten ismételten),,,,,,,
TRUE,|ADJ|,|ADJ|,|ADJ|,|ADJ|,,(hazug hazug),,,,,,,
TRUE,|NOUN|,|NOUN|,|NOUN|,|NOUN|,,(módon módon),,,,,,,
TRUE,|ADJ|,|ADJ|,|ADJ|,|ADJ|,,(szuverenitási szuverenitási),,,,,,,
TRUE,|NOUN|,|NOUN|,|NOUN|,|NOUN|,,(vitának vitának),,,,,,,
FALSE,|AUX|,|AUX|,|[]|,|VERB|,,(fognak fognak),,,,,,,
TRUE,|VERB|,|VERB|,|VERB|,|VERB|,,(beállítani beállítani),,,,,,,
FALSE,|PUNCT|,|PUNCT|,|[]|,|PUNCT|,,"(, ,)",,,,,,,
TRUE,|PRON|,|PRON|,|PRON|,|PRON|,,(arról arról),,,,,,,
TRUE,|VERB|,|VERB|,|VERB|,|VERB|,,(szól szól),,,,,,,
FALSE,|PUNCT|,|PUNCT|,|[]|,|PUNCT|,,"(, ,)",,,,,,,
TRUE,|SCONJ|,|SCONJ|,|SCONJ|,|SCONJ|,,(hogy hogy),,,,,,,
FALSE,|NOUN|,|PRON|,|[]|,|PRON|,,(önök önök),,,,,,,
TRUE,|ADP|,|ADP|,|ADP|,|ADP|,,(szerint szerint),,,,,,,
TRUE,|PROPN|,|PROPN|,|PROPN|,|PROPN|,,(Magyarországnak Magyarországnak),,,,,,,
FALSE,|ADV|,|ADV|,|[]|,|PRON|,,(úgy úgy),,,,,,,
TRUE,|VERB|,|VERB|,|VERB|,|VERB|,,(kell kell),,,,,,,
TRUE,|NOUN|,|NOUN|,|NOUN|,|NOUN|,,(részt részt),,,,,,,
TRUE,|VERB|,|VERB|,|VERB|,|VERB|,,(vennie vennie),,,,,,,
TRUE,|DET|,|DET|,|DET|,|DET|,,(a a),,,,,,,
TRUE,|ADJ|,|ADJ|,|ADJ|,|ADJ|,,(nemzetközi nemzetközi),,,,,,,
TRUE,|NOUN|,|NOUN|,|NOUN|,|NOUN|,,(versenyben versenyben),,,,,,,
FALSE,|PUNCT|,|PUNCT|,|[]|,|PUNCT|,,"(, ,)",,,,,,,
TRUE,|SCONJ|,|SCONJ|,|SCONJ|,|SCONJ|,,(hogy hogy),,,,,,,
TRUE,|DET|,|DET|,|DET|,|DET|,,(a a),,,,,,,
TRUE,|ADJ|,|ADJ|,|ADJ|,|ADJ|,,(lehető lehető),,,,,,,
TRUE,|NUM|,|NUM|,|NUM|,|NUM|,,(legkevesebb legkevesebb),,,,,,,
TRUE,|NOUN|,|NOUN|,|NOUN|,|NOUN|,,(pénzt pénzt),,,,,,,
TRUE,|VERB|,|VERB|,|VERB|,|VERB|,,(szedje szedje),,,,,,,
FALSE,|ADV|,|ADV|,|[]|,|ADV|,,(be be),,,,,,,
FALSE,|DET|,|DET|,|[]|,|PRON|,,(azoktól azoktól),,,,,,,
TRUE,|DET|,|DET|,|DET|,|DET|,,(a a),,,,,,,
TRUE,|NOUN|,|NOUN|,|NOUN|,|NOUN|,,(cégektől cégektől),,,,,,,
FALSE,|PUNCT|,|PUNCT|,|[]|,|PUNCT|,,"(, ,)",,,,,,,
TRUE,|PRON|,|PRON|,|PRON|,|PRON|,,(akiknek akiknek),,,,,,,
TRUE,|DET|,|DET|,|DET|,|DET|,,(a a),,,,,,,
FALSE,|ADJ|,|ADJ|,|[]|,|NUM|,,(legtöbbje legtöbbje),,,,,,,
TRUE,|VERB|,|VERB|,|VERB|,|VERB|,,(van van),,,,,,,
FALSE,|PUNCT|,|PUNCT|,|[]|,|PUNCT|,,(. .),,,,,,,
TRUE,|DET|,|DET|,|DET|,|DET|,,(A A),,,,,,,
TRUE,|NOUN|,|NOUN|,|NOUN|,|NOUN|,,(multiadók multiadók),,,,,,,
FALSE,|PUNCT|,|PUNCT|,|[]|,|PUNCT|,,"(, ,)",,,,,,,
TRUE,|PRON|,|PRON|,|PRON|,|PRON|,,(amelyeket amelyeket),,,,,,,
TRUE,|ADV|,|ADV|,|ADV|,|ADV|,,(néha-néha néha-néha),,,,,,,
TRUE,|VERB|,|VERB|,|VERB|,|VERB|,,(kivetnek kivetnek),,,,,,,
FALSE,|PUNCT|,|PUNCT|,|[]|,|PUNCT|,,"(, ,)",,,,,,,
TRUE,|SCONJ|,|SCONJ|,|SCONJ|,|SCONJ|,,(ha ha),,,,,,,
TRUE,|DET|,|DET|,|DET|,|DET|,,(a a),,,,,,,
TRUE,|NOUN|,|NOUN|,|NOUN|,|NOUN|,,(költségvetés költségvetés),,,,,,,
TRUE,|ADJ|,|ADJ|,|ADJ|,|ADJ|,,(rossz rossz),,,,,,,
TRUE,|NOUN|,|NOUN|,|NOUN|,|NOUN|,,(helyzetben helyzetben),,,,,,,
TRUE,|VERB|,|VERB|,|VERB|,|VERB|,,(van van),,,,,,,
FALSE,|PUNCT|,|PUNCT|,|[]|,|PUNCT|,,"(, ,)",,,,,,,
TRUE,|VERB|,|VERB|,|VERB|,|VERB|,,(eltörpül eltörpül),,,,,,,
TRUE,|DET|,|DET|,|DET|,|DET|,,(a a),,,,,,,
TRUE,|ADP|,|ADP|,|ADP|,|ADP|,,(mellett mellett),,,,,,,
TRUE,|DET|,|DET|,|DET|,|DET|,,(a a),,,,,,,
TRUE,|NUM|,|NUM|,|NUM|,|NUM|,,(több több),,,,,,,
TRUE,|NUM|,|NUM|,|NUM|,|NUM|,,(ezer ezer),,,,,,,
TRUE,|NUM|,|NUM|,|NUM|,|NUM|,,(milliárd milliárd),,,,,,,
TRUE,|ADP|,|ADP|,|ADP|,|ADP|,,(mellett mellett),,,,,,,
FALSE,|PUNCT|,|PUNCT|,|[]|,|PUNCT|,,"(, ,)",,,,,,,
TRUE,|PRON|,|PRON|,|PRON|,|PRON|,,(amit amit),,,,,,,
FALSE,|NOUN|,|PRON|,|[]|,|PRON|,,(önök önök),,,,,,,
TRUE,|ADV|,|ADV|,|ADV|,|ADV|,,(nem nem),,,,,,,
TRUE,|VERB|,|VERB|,|VERB|,|VERB|,,(szedtek szedtek),,,,,,,
FALSE,|ADV|,|ADV|,|[]|,|ADV|,,(be be),,,,,,,
TRUE,|ADV|,|ADV|,|ADV|,|ADV|,,(sem sem),,,,,,,
TRUE,|DET|,|DET|,|DET|,|DET|,,(a a),,,,,,,
TRUE,|ADJ|,|ADJ|,|ADJ|,|ADJ|,,(szennyező szennyező),,,,,,,
TRUE,|NOUN|,|NOUN|,|NOUN|,|NOUN|,,(nagyvállalatoktól nagyvállalatoktól),,,,,,,
FALSE,|PUNCT|,|PUNCT|,|[]|,|PUNCT|,,"(, ,)",,,,,,,
TRUE,|CCONJ|,|CCONJ|,|CCONJ|,|CCONJ|,,(sem sem),,,,,,,
FALSE,|PRON|,|PRON|,|[]|,|NOUN|,,(egyéb egyéb),,,,,,,
TRUE,|ADJ|,|ADJ|,|ADJ|,|ADJ|,,(multinacionális multinacionális),,,,,,,
TRUE,|NOUN|,|NOUN|,|NOUN|,|NOUN|,,(nagyvállalattól nagyvállalattól),,,,,,,
FALSE,|PUNCT|,|PUNCT|,|[]|,|PUNCT|,,(. .),,,,,,,
TRUE,|SCONJ|,|SCONJ|,|SCONJ|,|SCONJ|,,(Ha Ha),,,,,,,
TRUE,|VERB|,|VERB|,|VERB|,|VERB|,,(megnézik megnézik),,,,,,,
FALSE,|PUNCT|,|PUNCT|,|[]|,|PUNCT|,,"(, ,)",,,,,,,
TRUE,|SCONJ|,|SCONJ|,|SCONJ|,|SCONJ|,,(hogy hogy),,,,,,,
TRUE,|DET|,|DET|,|DET|,|DET|,,(egy egy),,,,,,,
TRUE,|NOUN|,|NOUN|,|NOUN|,|NOUN|,,(munkahelyre munkahelyre),,,,,,,
TRUE,|ADV|,|ADV|,|ADV|,|ADV|,,(leosztva leosztva),,,,,,,
FALSE,|PUNCT|,|PUNCT|,|[]|,|PUNCT|,,"(, ,)",,,,,,,
TRUE,|CCONJ|,|CCONJ|,|CCONJ|,|CCONJ|,,(tehát tehát),,,,,,,
TRUE,|DET|,|DET|,|DET|,|DET|,,(egy egy),,,,,,,
TRUE,|NOUN|,|NOUN|,|NOUN|,|NOUN|,,(munkahelyet munkahelyet),,,,,,,
TRUE,|ADV|,|ADV|,|ADV|,|ADV|,,(teremtve teremtve),,,,,,,
TRUE,|PRON|,|PRON|,|PRON|,|PRON|,,(mennyi mennyi),,,,,,,
TRUE,|NOUN|,|NOUN|,|NOUN|,|NOUN|,,(adóterhe adóterhe),,,,,,,
TRUE,|VERB|,|VERB|,|VERB|,|VERB|,,(van van),,,,,,,
TRUE,|DET|,|DET|,|DET|,|DET|,,(az az),,,,,,,
TRUE,|PROPN|,|PROPN|,|PROPN|,|PROPN|,,(Audinak Audinak),,,,,,,
FALSE,|PUNCT|,|PUNCT|,|[]|,|PUNCT|,,"(, ,)",,,,,,,
TRUE,|PRON|,|PRON|,|PRON|,|PRON|,,(mennyi mennyi),,,,,,,
TRUE,|NOUN|,|NOUN|,|NOUN|,|NOUN|,,(adóterhe adóterhe),,,,,,,
TRUE,|VERB|,|VERB|,|VERB|,|VERB|,,(van van),,,,,,,
TRUE,|DET|,|DET|,|DET|,|DET|,,(a a),,,,,,,
TRUE,|ADJ|,|ADJ|,|ADJ|,|ADJ|,,(többi többi),,,,,,,
TRUE,|ADJ|,|ADJ|,|ADJ|,|ADJ|,,(német német),,,,,,,
TRUE,|NOUN|,|NOUN|,|NOUN|,|NOUN|,,(nagyvállalatnak nagyvállalatnak),,,,,,,
TRUE,|CCONJ|,|CCONJ|,|CCONJ|,|CCONJ|,,(és és),,,,,,,
TRUE,|PRON|,|PRON|,|PRON|,|PRON|,,(mennyi mennyi),,,,,,,
FALSE,|PUNCT|,|PUNCT|,|[]|,|PUNCT|,,"(, ,)",,,,,,,
TRUE,|VERB|,|VERB|,|VERB|,|VERB|,,(mondjuk mondjuk),,,,,,,
FALSE,|PUNCT|,|PUNCT|,|[]|,|PUNCT|,,"(, ,)",,,,,,,
TRUE,|DET|,|DET|,|DET|,|DET|,,(egy egy),,,,,,,
TRUE,|NOUN|,|NOUN|,|NOUN|,|NOUN|,,(fodrásznak fodrásznak),,,,,,,
FALSE,|PUNCT|,|PUNCT|,|[]|,|PUNCT|,,"(, ,)",,,,,,,
FALSE,|ADV|,|ADV|,|[]|,|PRON|,,(akkor akkor),,,,,,,
TRUE,|PRON|,|PRON|,|PRON|,|PRON|,,(azt azt),,,,,,,
FALSE,|AUX|,|AUX|,|[]|,|VERB|,,(fogják fogják),,,,,,,
TRUE,|VERB|,|VERB|,|VERB|,|VERB|,,(látni látni),,,,,,,
FALSE,|PUNCT|,|PUNCT|,|[]|,|PUNCT|,,"(, ,)",,,,,,,
TRUE,|SCONJ|,|SCONJ|,|SCONJ|,|SCONJ|,,(hogy hogy),,,,,,,
FALSE,|ADV|,|ADV|,|[]|,|PRON|,,(míg míg),,,,,,,
TRUE,|DET|,|DET|,|DET|,|DET|,,(a a),,,,,,,
TRUE,|ADJ|,|ADJ|,|ADJ|,|ADJ|,,(magyar magyar),,,,,,,
FALSE,|NOUN|,|NOUN|,|[]|,|ADJ|,,(kis- kis-),,,,,,,
TRUE,|CCONJ|,|CCONJ|,|CCONJ|,|CCONJ|,,(és és),,,,,,,
TRUE,|NOUN|,|NOUN|,|NOUN|,|NOUN|,,(középvállalkozásokat középvállalkozásokat),,,,,,,
TRUE,|VERB|,|VERB|,|VERB|,|VERB|,,(terhelik terhelik),,,,,,,
FALSE,|PUNCT|,|PUNCT|,|[]|,|PUNCT|,,"(, ,)",,,,,,,
TRUE,|CCONJ|,|CCONJ|,|CCONJ|,|CCONJ|,,(és és),,,,,,,
TRUE,|ADV|,|ADV|,|ADV|,|ADV|,,(most most),,,,,,,
TRUE,|PRON|,|PRON|,|PRON|,|PRON|,,(arra arra),,,,,,,
TRUE,|VERB|,|VERB|,|VERB|,|VERB|,,(készülnek készülnek),,,,,,,
FALSE,|PUNCT|,|PUNCT|,|[]|,|PUNCT|,,"(, ,)",,,,,,,
TRUE,|SCONJ|,|SCONJ|,|SCONJ|,|SCONJ|,,(hogy hogy),,,,,,,
TRUE,|ADV|,|ADV|,|ADV|,|ADV|,,(még még),,,,,,,
TRUE,|ADV|,|ADV|,|ADV|,|ADV|,,(jobban jobban),,,,,,,
TRUE,|VERB|,|VERB|,|VERB|,|VERB|,,(megterheljék megterheljék),,,,,,,
TRUE,|PRON|,|PRON|,|PRON|,|PRON|,,(őket őket),,,,,,,
FALSE,|PUNCT|,|PUNCT|,|[]|,|PUNCT|,,"(, ,)",,,,,,,
TRUE,|ADV|,|ADV|,|ADV|,|ADV|,,(közben közben),,,,,,,
TRUE,|DET|,|DET|,|DET|,|DET|,,(a a),,,,,,,
TRUE,|ADJ|,|ADJ|,|ADJ|,|ADJ|,,(multinacionális multinacionális),,,,,,,
TRUE,|NOUN|,|NOUN|,|NOUN|,|NOUN|,,(nagyvállalatoknak nagyvállalatoknak),,,,,,,
FALSE,|PUNCT|,|PUNCT|,|[]|,|PUNCT|,,"(, ,)",,,,,,,
FALSE,|NOUN|,|PRON|,|[]|,|PRON|,,(azoknak azoknak),,,,,,,
FALSE,|PUNCT|,|PUNCT|,|[]|,|PUNCT|,,"(, ,)",,,,,,,
TRUE,|PRON|,|PRON|,|PRON|,|PRON|,,(akiknek akiknek),,,,,,,
TRUE,|VERB|,|VERB|,|VERB|,|VERB|,,(lenne lenne),,,,,,,
TRUE,|NOUN|,|NOUN|,|NOUN|,|NOUN|,,(lehetőségük lehetőségük),,,,,,,
TRUE,|PRON|,|PRON|,|PRON|,|PRON|,,(ezt ezt),,,,,,,
TRUE,|VERB|,|VERB|,|VERB|,|VERB|,,(kifizetni kifizetni),,,,,,,
FALSE,|PUNCT|,|PUNCT|,|[]|,|PUNCT|,,"(, ,)",,,,,,,
TRUE,|ADV|,|ADV|,|ADV|,|ADV|,,(nem nem),,,,,,,
TRUE,|VERB|,|VERB|,|VERB|,|VERB|,,(növelik növelik),,,,,,,
TRUE,|DET|,|DET|,|DET|,|DET|,,(az az),,,,,,,
TRUE,|NOUN|,|NOUN|,|NOUN|,|NOUN|,,(adóterhét adóterhét),,,,,,,
FALSE,|PUNCT|,|PUNCT|,|[]|,|PUNCT|,,"(, ,)",,,,,,,
TRUE,|ADV|,|ADV|,|ADV|,|ADV|,,(most most),,,,,,,
TRUE,|ADV|,|ADV|,|ADV|,|ADV|,,(már már),,,,,,,
TRUE,|ADJ|,|ADJ|,|ADJ|,|ADJ|,,(nemzetközi nemzetközi),,,,,,,
TRUE,|NOUN|,|NOUN|,|NOUN|,|NOUN|,,(harcot harcot),,,,,,,
FALSE,|CCONJ|,|CCONJ|,|[]|,|ADV|,,(is is),,,,,,,
TRUE,|VERB|,|VERB|,|VERB|,|VERB|,,(folytatnak folytatnak),,,,,,,
FALSE,|ADV|,|ADV|,|[]|,|PRON|,,(azért azért),,,,,,,
FALSE,|PUNCT|,|PUNCT|,|[]|,|PUNCT|,,"(, ,)",,,,,,,
TRUE,|SCONJ|,|SCONJ|,|SCONJ|,|SCONJ|,,(hogy hogy),,,,,,,
TRUE,|DET|,|DET|,|DET|,|DET|,,(az az),,,,,,,
TRUE,|PROPN|,|PROPN|,|PROPN|,|PROPN|,,(Audinak Audinak),,,,,,,
TRUE,|CCONJ|,|CCONJ|,|CCONJ|,|CCONJ|,,(és és),,,,,,,
TRUE,|DET|,|DET|,|DET|,|DET|,,(a a),,,,,,,
FALSE,|NOUN|,|NOUN|,|[]|,|ADJ|,,(többinek többinek),,,,,,,
TRUE,|ADV|,|ADV|,|ADV|,|ADV|,,(ne ne),,,,,,,
TRUE,|VERB|,|VERB|,|VERB|,|VERB|,,(kelljen kelljen),,,,,,,
TRUE,|ADJ|,|ADJ|,|ADJ|,|ADJ|,,(valódi valódi),,,,,,,
TRUE,|NOUN|,|NOUN|,|NOUN|,|NOUN|,,(módon módon),,,,,,,
TRUE,|NOUN|,|NOUN|,|NOUN|,|NOUN|,,(részt részt),,,,,,,
TRUE,|VERB|,|VERB|,|VERB|,|VERB|,,(venni venni),,,,,,,
TRUE,|DET|,|DET|,|DET|,|DET|,,(a a),,,,,,,
TRUE,|NOUN|,|NOUN|,|NOUN|,|NOUN|,,(közteherviselésben közteherviselésben),,,,,,,
FALSE,|PUNCT|,|PUNCT|,|[]|,|PUNCT|,,(. .),,,,,,,
FALSE,|ADV|,|ADV|,|[]|,|PRON|,,(Azért Azért),,,,,,,
FALSE,|CCONJ|,|CCONJ|,|[]|,|ADV|,,(is is),,,,,,,
TRUE,|ADJ|,|ADJ|,|ADJ|,|ADJ|,,(faramuci faramuci),,,,,,,
FALSE,|DET|,|DET|,|[]|,|PRON|,,(ez ez),,,,,,,
TRUE,|DET|,|DET|,|DET|,|DET|,,(a a),,,,,,,
TRUE,|NOUN|,|NOUN|,|NOUN|,|NOUN|,,(helyzet helyzet),,,,,,,
FALSE,|PUNCT|,|PUNCT|,|[]|,|PUNCT|,,"(, ,)",,,,,,,
TRUE,|SCONJ|,|SCONJ|,|SCONJ|,|SCONJ|,,(mert mert),,,,,,,
FALSE,|NOUN|,|PRON|,|[]|,|PRON|,,(önök önök),,,,,,,
FALSE,|DET|,|DET|,|[]|,|PRON|,,(minden minden),,,,,,,
TRUE,|NOUN|,|NOUN|,|NOUN|,|NOUN|,,(lépésüket lépésüket),,,,,,,
TRUE,|VERB|,|VERB|,|VERB|,|VERB|,,(megpróbálják megpróbálják),,,,,,,
FALSE,|ADV|,|ADV|,|[]|,|PRON|,,(úgy úgy),,,,,,,
TRUE,|VERB|,|VERB|,|VERB|,|VERB|,,(beállítani beállítani),,,,,,,
FALSE,|PUNCT|,|PUNCT|,|[]|,|PUNCT|,,"(, ,)",,,,,,,
FALSE,|SCONJ|,|SCONJ|,|[]|,|CCONJ|,,(mintha mintha),,,,,,,
TRUE,|DET|,|DET|,|DET|,|DET|,,(a a),,,,,,,
TRUE,|ADJ|,|ADJ|,|ADJ|,|ADJ|,,(magyar magyar),,,,,,,
TRUE,|NOUN|,|NOUN|,|NOUN|,|NOUN|,,(érdekek érdekek),,,,,,,
TRUE,|VERB|,|VERB|,|VERB|,|VERB|,,(vezérelnék vezérelnék),,,,,,,
FALSE,|PUNCT|,|PUNCT|,|[]|,|PUNCT|,,(. .),,,,,,,
TRUE,|ADV|,|ADV|,|ADV|,|ADV|,,(Nem Nem),,,,,,,
TRUE,|ADJ|,|ADJ|,|ADJ|,|ADJ|,,(magyar magyar),,,,,,,
TRUE,|NOUN|,|NOUN|,|NOUN|,|NOUN|,,(érdek érdek),,,,,,,
TRUE,|PRON|,|PRON|,|PRON|,|PRON|,,(az az),,,,,,,
FALSE,|PUNCT|,|PUNCT|,|[]|,|PUNCT|,,"(, ,)",,,,,,,
TRUE,|SCONJ|,|SCONJ|,|SCONJ|,|SCONJ|,,(hogy hogy),,,,,,,
TRUE,|DET|,|DET|,|DET|,|DET|,,(a a),,,,,,,
TRUE,|ADJ|,|ADJ|,|ADJ|,|ADJ|,,(német német),,,,,,,
TRUE,|NOUN|,|NOUN|,|NOUN|,|NOUN|,,(nagytőke nagytőke),,,,,,,
TRUE,|ADV|,|ADV|,|ADV|,|ADV|,,(ne ne),,,,,,,
TRUE,|VERB|,|VERB|,|VERB|,|VERB|,,(fizessen fizessen),,,,,,,
TRUE,|NOUN|,|NOUN|,|NOUN|,|NOUN|,,(adót adót),,,,,,,
FALSE,|PUNCT|,|PUNCT|,|[]|,|PUNCT|,,(. .),,,,,,,
TRUE,|PRON|,|PRON|,|PRON|,|PRON|,,(Ez Ez),,,,,,,
TRUE,|ADJ|,|ADJ|,|ADJ|,|ADJ|,,(német német),,,,,,,
TRUE,|NOUN|,|NOUN|,|NOUN|,|NOUN|,,(érdek érdek),,,,,,,
FALSE,|PUNCT|,|PUNCT|,|[]|,|PUNCT|,,(. .),,,,,,,
TRUE,|PRON|,|PRON|,|PRON|,|PRON|,,(Ez Ez),,,,,,,
TRUE,|ADV|,|ADV|,|ADV|,|ADV|,,(nem nem),,,,,,,
TRUE,|PRON|,|PRON|,|PRON|,|PRON|,,(ennek ennek),,,,,,,
TRUE,|DET|,|DET|,|DET|,|DET|,,(a a),,,,,,,
FALSE,|PROPN|,|PROPN|,|[]|,|NOUN|,,(Háznak Háznak),,,,,,,
TRUE,|DET|,|DET|,|DET|,|DET|,,(az az),,,,,,,
TRUE,|NOUN|,|NOUN|,|NOUN|,|NOUN|,,(érdeke érdeke),,,,,,,
FALSE,|PUNCT|,|PUNCT|,|[]|,|PUNCT|,,"(, ,)",,,,,,,
FALSE,|DET|,|DET|,|[]|,|PRON|,,(ez ez),,,,,,,
TRUE,|DET|,|DET|,|DET|,|DET|,,(a a),,,,,,,
TRUE,|PROPN|,|PROPN|,|PROPN|,|PROPN|,,(Bundestagnak Bundestagnak),,,,,,,
TRUE,|DET|,|DET|,|DET|,|DET|,,(az az),,,,,,,
TRUE,|NOUN|,|NOUN|,|NOUN|,|NOUN|,,(érdeke érdeke),,,,,,,
FALSE,|PUNCT|,|PUNCT|,|[]|,|PUNCT|,,(; ;),,,,,,,
TRUE,|SCONJ|,|SCONJ|,|SCONJ|,|SCONJ|,,(ha ha),,,,,,,
TRUE,|PRON|,|PRON|,|PRON|,|PRON|,,(ezt ezt),,,,,,,
TRUE,|VERB|,|VERB|,|VERB|,|VERB|,,(akarják akarják),,,,,,,
TRUE,|VERB|,|VERB|,|VERB|,|VERB|,,(képviselni képviselni),,,,,,,
FALSE,|PUNCT|,|PUNCT|,|[]|,|PUNCT|,,"(, ,)",,,,,,,
FALSE,|ADV|,|ADV|,|[]|,|PRON|,,(akkor akkor),,,,,,,
FALSE,|ADV|,|ADV|,|[]|,|PRON|,,(ott ott),,,,,,,
TRUE,|VERB|,|VERB|,|VERB|,|VERB|,,(kell kell),,,,,,,
TRUE,|PRON|,|PRON|,|PRON|,|PRON|,,(erről erről),,,,,,,
TRUE,|VERB|,|VERB|,|VERB|,|VERB|,,(felszólalni felszólalni),,,,,,,
FALSE,|PUNCT|,|PUNCT|,|[]|,|PUNCT|,,(. .),,,,,,,
TRUE,|NOUN|,|NOUN|,|NOUN|,|NOUN|,,(Összességében Összességében),,,,,,,
TRUE,|DET|,|DET|,|DET|,|DET|,,(a a),,,,,,,
TRUE,|PRON|,|PRON|,|PRON|,|PRON|,,(mi mi),,,,,,,
TRUE,|NOUN|,|NOUN|,|NOUN|,|NOUN|,,(álláspontunk álláspontunk),,,,,,,
TRUE,|PRON|,|PRON|,|PRON|,|PRON|,,(az az),,,,,,,
FALSE,|PUNCT|,|PUNCT|,|[]|,|PUNCT|,,"(, ,)",,,,,,,
TRUE,|SCONJ|,|SCONJ|,|SCONJ|,|SCONJ|,,(hogy hogy),,,,,,,
TRUE,|DET|,|DET|,|DET|,|DET|,,(a a),,,,,,,
TRUE,|ADJ|,|ADJ|,|ADJ|,|ADJ|,,(globális globális),,,,,,,
TRUE,|NOUN|,|NOUN|,|NOUN|,|NOUN|,,(multiadó multiadó),,,,,,,
FALSE,|DET|,|DET|,|DET|,|NUM|,,(egy egy),,n,n,n,ok,,
TRUE,|NOUN|,|NOUN|,|NOUN|,|NOUN|,,(dolog dolog),,,,,,,
TRUE,|ADP|,|ADP|,|ADP|,|ADP|,,(miatt miatt),,,,,,,
TRUE,|ADJ|,|ADJ|,|ADJ|,|ADJ|,,(jó jó),,,,,,,
FALSE,|PUNCT|,|PUNCT|,|[]|,|PUNCT|,,"(, ,)",,,,,,,
TRUE,|SCONJ|,|SCONJ|,|SCONJ|,|SCONJ|,,(bár bár),,,,,,,
TRUE,|VERB|,|VERB|,|VERB|,|VERB|,,(tudom tudom),,,,,,,
FALSE,|PUNCT|,|PUNCT|,|[]|,|PUNCT|,,"(, ,)",,,,,,,
TRUE,|SCONJ|,|SCONJ|,|SCONJ|,|SCONJ|,,(hogy hogy),,,,,,,
TRUE,|PRON|,|PRON|,|PRON|,|PRON|,,(benne benne),,,,,,,
TRUE,|VERB|,|VERB|,|VERB|,|VERB|,,(van van),,,,,,,
TRUE,|DET|,|DET|,|DET|,|DET|,,(a a),,,,,,,
TRUE,|ADJ|,|ADJ|,|ADJ|,|ADJ|,,(globális globális),,,,,,,
TRUE,|NOUN|,|NOUN|,|NOUN|,|NOUN|,,(szó szó),,,,,,,
FALSE,|PUNCT|,|PUNCT|,|[]|,|PUNCT|,,"(, ,)",,,,,,,
TRUE,|PRON|,|PRON|,|PRON|,|PRON|,,(amit amit),,,,,,,
FALSE,|NOUN|,|PRON|,|[]|,|PRON|,,(önök önök),,,,,,,
TRUE,|ADV|,|ADV|,|ADV|,|ADV|,,(nem nem),,,,,,,
TRUE,|VERB|,|VERB|,|VERB|,|VERB|,,(szeretnek szeretnek),,,,,,,
FALSE,|PUNCT|,|PUNCT|,|[]|,|PUNCT|,,(: :),,,,,,,
TRUE,|SCONJ|,|SCONJ|,|SCONJ|,|SCONJ|,,(mert mert),,,,,,,
TRUE,|PRON|,|PRON|,|PRON|,|PRON|,,(az az),,,,,,,
FALSE,|CCONJ|,|CCONJ|,|[]|,|ADV|,,(is is),,,,,,,
TRUE,|PRON|,|PRON|,|PRON|,|PRON|,,(benne benne),,,,,,,
TRUE,|VERB|,|VERB|,|VERB|,|VERB|,,(van van),,,,,,,
FALSE,|PUNCT|,|PUNCT|,|[]|,|PUNCT|,,"(, ,)",,,,,,,
TRUE,|SCONJ|,|SCONJ|,|SCONJ|,|SCONJ|,,(hogy hogy),,,,,,,
TRUE,|NOUN|,|NOUN|,|NOUN|,|NOUN|,,(multi multi),,,,,,,
FALSE,|PUNCT|,|PUNCT|,|[]|,|PUNCT|,,"(, ,)",,,,,,,
TRUE,|CCONJ|,|CCONJ|,|CCONJ|,|CCONJ|,,(és és),,,,,,,
TRUE,|PRON|,|PRON|,|PRON|,|PRON|,,(az az),,,,,,,
FALSE,|CCONJ|,|CCONJ|,|[]|,|ADV|,,(is is),,,,,,,
FALSE,|PUNCT|,|PUNCT|,|[]|,|PUNCT|,,"(, ,)",,,,,,,
TRUE,|SCONJ|,|SCONJ|,|SCONJ|,|SCONJ|,,(hogy hogy),,,,,,,
TRUE,|NOUN|,|NOUN|,|NOUN|,|NOUN|,,(adó adó),,,,,,,
FALSE,|PUNCT|,|PUNCT|,|[]|,|PUNCT|,,(. .),,,,,,,
TRUE,|VERB|,|VERB|,|VERB|,|VERB|,,(Köszönöm Köszönöm),,,,,,,
TRUE,|ADJ|,|ADJ|,|ADJ|,|ADJ|,,(szépen szépen),,,,,,,
FALSE,|PUNCT|,|PUNCT|,|[]|,|PUNCT|,,(. .),,,,,,,
FALSE,|PUNCT|,|PUNCT|,|[]|,|PUNCT|,,(( (),,,,,,,
FALSE,|PROPN|,|PROPN|,|[]|,|NOUN|,,(Taps Taps),,,,,,,
TRUE,|DET|,|DET|,|DET|,|DET|,,(az az),,,,,,,
TRUE,|ADJ|,|ADJ|,|ADJ|,|ADJ|,,(ellenzéki ellenzéki),,,,,,,
TRUE,|NOUN|,|NOUN|,|NOUN|,|NOUN|,,(padsorokból padsorokból.),,,,,,,
huspacy,|PUNCT|,|PUNCT|,|[]|,,,(.),,,,,,,
FALSE,|PUNCT|,|PUNCT|,|[]|,|PUNCT|,,() )),,,,,,,